file,line,type,commit,author,date,time,timezone,datetime,depth,length
style.css,1,css,f9703adc,ivc003,2025-01-17,22:15:40,-08:00,2025-01-17T22:15:40-08:00,0,6
style.css,2,css,5e3302ff,ivc003,2025-01-25,00:06:51,-08:00,2025-01-25T00:06:51-08:00,0,23
style.css,3,css,f9703adc,ivc003,2025-01-17,22:15:40,-08:00,2025-01-17T22:15:40-08:00,0,36
style.css,4,css,f9703adc,ivc003,2025-01-17,22:15:40,-08:00,2025-01-17T22:15:40-08:00,0,0
style.css,5,css,f9703adc,ivc003,2025-01-17,22:15:40,-08:00,2025-01-17T22:15:40-08:00,0,0
style.css,6,css,510b84e7,ivc003,2025-01-24,22:27:36,-08:00,2025-01-24T22:27:36-08:00,0,5
style.css,7,css,510b84e7,ivc003,2025-01-24,22:27:36,-08:00,2025-01-24T22:27:36-08:00,0,18
style.css,8,css,510b84e7,ivc003,2025-01-24,22:27:36,-08:00,2025-01-24T22:27:36-08:00,0,0
style.css,9,css,510b84e7,ivc003,2025-01-24,22:27:36,-08:00,2025-01-24T22:27:36-08:00,0,0
style.css,10,css,cec6f3e3,ivc003,2025-01-10,21:41:21,-08:00,2025-01-10T21:41:21-08:00,0,5
style.css,11,css,cec6f3e3,ivc003,2025-01-10,21:41:21,-08:00,2025-01-10T21:41:21-08:00,0,44
style.css,12,css,cec6f3e3,ivc003,2025-01-10,21:41:21,-08:00,2025-01-10T21:41:21-08:00,0,43
style.css,13,css,cec6f3e3,ivc003,2025-01-10,21:41:21,-08:00,2025-01-10T21:41:21-08:00,0,1
style.css,14,css,70471d78,ivc003,2025-01-10,22:39:13,-08:00,2025-01-10T22:39:13-08:00,0,24
style.css,15,css,f9703adc,ivc003,2025-01-17,22:15:40,-08:00,2025-01-17T22:15:40-08:00,0,16
style.css,16,css,f9703adc,ivc003,2025-01-17,22:15:40,-08:00,2025-01-17T22:15:40-08:00,0,19
style.css,17,css,f9703adc,ivc003,2025-01-17,22:15:40,-08:00,2025-01-17T22:15:40-08:00,0,13
style.css,18,css,f9703adc,ivc003,2025-01-17,22:15:40,-08:00,2025-01-17T22:15:40-08:00,0,33
style.css,19,css,f9703adc,ivc003,2025-01-17,22:15:40,-08:00,2025-01-17T22:15:40-08:00,0,31
style.css,20,css,cec6f3e3,ivc003,2025-01-10,21:41:21,-08:00,2025-01-10T21:41:21-08:00,0,0
style.css,21,css,7d949af9,ivc003,2025-01-10,23:29:01,-08:00,2025-01-10T23:29:01-08:00,0,0
style.css,22,css,f9703adc,ivc003,2025-01-17,22:15:40,-08:00,2025-01-17T22:15:40-08:00,0,6
style.css,23,css,f9703adc,ivc003,2025-01-17,22:15:40,-08:00,2025-01-17T22:15:40-08:00,0,18
style.css,24,css,5225ced0,ivc003,2025-01-17,22:27:15,-08:00,2025-01-17T22:27:15-08:00,0,23
style.css,25,css,f9703adc,ivc003,2025-01-17,22:15:40,-08:00,2025-01-17T22:15:40-08:00,0,0
style.css,26,css,f9703adc,ivc003,2025-01-17,22:15:40,-08:00,2025-01-17T22:15:40-08:00,0,0
style.css,27,css,f4739da1,ivc003,2025-01-24,14:51:36,-08:00,2025-01-24T14:51:36-08:00,0,4
style.css,28,css,f9703adc,ivc003,2025-01-17,22:15:40,-08:00,2025-01-17T22:15:40-08:00,0,10
style.css,29,css,f9703adc,ivc003,2025-01-17,22:15:40,-08:00,2025-01-17T22:15:40-08:00,0,9
style.css,30,css,f9703adc,ivc003,2025-01-17,22:15:40,-08:00,2025-01-17T22:15:40-08:00,0,13
style.css,31,css,f9703adc,ivc003,2025-01-17,22:15:40,-08:00,2025-01-17T22:15:40-08:00,0,16
style.css,32,css,f9703adc,ivc003,2025-01-17,22:15:40,-08:00,2025-01-17T22:15:40-08:00,0,18
style.css,33,css,5225ced0,ivc003,2025-01-17,22:27:15,-08:00,2025-01-17T22:27:15-08:00,0,22
style.css,34,css,f9703adc,ivc003,2025-01-17,22:15:40,-08:00,2025-01-17T22:15:40-08:00,0,0
style.css,35,css,f9703adc,ivc003,2025-01-17,22:15:40,-08:00,2025-01-17T22:15:40-08:00,0,0
style.css,36,css,f9703adc,ivc003,2025-01-17,22:15:40,-08:00,2025-01-17T22:15:40-08:00,0,0
style.css,37,css,f4739da1,ivc003,2025-01-24,14:51:36,-08:00,2025-01-24T14:51:36-08:00,0,8
style.css,38,css,f9703adc,ivc003,2025-01-17,22:15:40,-08:00,2025-01-17T22:15:40-08:00,0,21
style.css,39,css,f9703adc,ivc003,2025-01-17,22:15:40,-08:00,2025-01-17T22:15:40-08:00,0,13
style.css,40,css,f9703adc,ivc003,2025-01-17,22:15:40,-08:00,2025-01-17T22:15:40-08:00,0,18
style.css,41,css,f9703adc,ivc003,2025-01-17,22:15:40,-08:00,2025-01-17T22:15:40-08:00,0,9
style.css,42,css,f9703adc,ivc003,2025-01-17,22:15:40,-08:00,2025-01-17T22:15:40-08:00,0,0
style.css,43,css,f9703adc,ivc003,2025-01-17,22:15:40,-08:00,2025-01-17T22:15:40-08:00,0,0
style.css,44,css,f4739da1,ivc003,2025-01-24,14:51:36,-08:00,2025-01-24T14:51:36-08:00,0,14
style.css,45,css,510b84e7,ivc003,2025-01-24,22:27:36,-08:00,2025-01-24T22:27:36-08:00,0,70
style.css,46,css,f9703adc,ivc003,2025-01-17,22:15:40,-08:00,2025-01-17T22:15:40-08:00,0,46
style.css,47,css,f9703adc,ivc003,2025-01-17,22:15:40,-08:00,2025-01-17T22:15:40-08:00,0,21
style.css,48,css,f9703adc,ivc003,2025-01-17,22:15:40,-08:00,2025-01-17T22:15:40-08:00,0,0
style.css,49,css,f9703adc,ivc003,2025-01-17,22:15:40,-08:00,2025-01-17T22:15:40-08:00,0,0
style.css,50,css,f9703adc,ivc003,2025-01-17,22:15:40,-08:00,2025-01-17T22:15:40-08:00,0,9
style.css,51,css,510b84e7,ivc003,2025-01-24,22:27:36,-08:00,2025-01-24T22:27:36-08:00,0,46
style.css,52,css,f9703adc,ivc003,2025-01-17,22:15:40,-08:00,2025-01-17T22:15:40-08:00,0,21
style.css,53,css,f9703adc,ivc003,2025-01-17,22:15:40,-08:00,2025-01-17T22:15:40-08:00,0,0
style.css,54,css,f9703adc,ivc003,2025-01-17,22:15:40,-08:00,2025-01-17T22:15:40-08:00,0,0
style.css,55,css,f9703adc,ivc003,2025-01-17,22:15:40,-08:00,2025-01-17T22:15:40-08:00,0,4
style.css,56,css,510b84e7,ivc003,2025-01-24,22:27:36,-08:00,2025-01-24T22:27:36-08:00,0,40
style.css,57,css,f9703adc,ivc003,2025-01-17,22:15:40,-08:00,2025-01-17T22:15:40-08:00,0,13
style.css,58,css,f9703adc,ivc003,2025-01-17,22:15:40,-08:00,2025-01-17T22:15:40-08:00,0,24
style.css,59,css,f9703adc,ivc003,2025-01-17,22:15:40,-08:00,2025-01-17T22:15:40-08:00,0,26
style.css,60,css,510b84e7,ivc003,2025-01-24,22:27:36,-08:00,2025-01-24T22:27:36-08:00,0,40
style.css,61,css,f9703adc,ivc003,2025-01-17,22:15:40,-08:00,2025-01-17T22:15:40-08:00,0,18
style.css,62,css,f9703adc,ivc003,2025-01-17,22:15:40,-08:00,2025-01-17T22:15:40-08:00,0,0
style.css,63,css,f9703adc,ivc003,2025-01-17,22:15:40,-08:00,2025-01-17T22:15:40-08:00,0,0
style.css,64,css,f9703adc,ivc003,2025-01-17,22:15:40,-08:00,2025-01-17T22:15:40-08:00,0,2
style.css,65,css,f9703adc,ivc003,2025-01-17,22:15:40,-08:00,2025-01-17T22:15:40-08:00,0,21
style.css,66,css,f9703adc,ivc003,2025-01-17,22:15:40,-08:00,2025-01-17T22:15:40-08:00,0,14
style.css,67,css,f9703adc,ivc003,2025-01-17,22:15:40,-08:00,2025-01-17T22:15:40-08:00,0,0
style.css,68,css,f9703adc,ivc003,2025-01-17,22:15:40,-08:00,2025-01-17T22:15:40-08:00,0,0
style.css,69,css,510b84e7,ivc003,2025-01-24,22:27:36,-08:00,2025-01-24T22:27:36-08:00,0,6
style.css,70,css,510b84e7,ivc003,2025-01-24,22:27:36,-08:00,2025-01-24T22:27:36-08:00,0,14
style.css,71,css,510b84e7,ivc003,2025-01-24,22:27:36,-08:00,2025-01-24T22:27:36-08:00,0,0
style.css,72,css,510b84e7,ivc003,2025-01-24,22:27:36,-08:00,2025-01-24T22:27:36-08:00,0,0
style.css,73,css,510b84e7,ivc003,2025-01-24,22:27:36,-08:00,2025-01-24T22:27:36-08:00,0,14
style.css,74,css,510b84e7,ivc003,2025-01-24,22:27:36,-08:00,2025-01-24T22:27:36-08:00,0,18
style.css,75,css,510b84e7,ivc003,2025-01-24,22:27:36,-08:00,2025-01-24T22:27:36-08:00,0,48
style.css,76,css,510b84e7,ivc003,2025-01-24,22:27:36,-08:00,2025-01-24T22:27:36-08:00,0,52
style.css,77,css,510b84e7,ivc003,2025-01-24,22:27:36,-08:00,2025-01-24T22:27:36-08:00,0,0
style.css,78,css,510b84e7,ivc003,2025-01-24,22:27:36,-08:00,2025-01-24T22:27:36-08:00,0,0
style.css,79,css,510b84e7,ivc003,2025-01-24,22:27:36,-08:00,2025-01-24T22:27:36-08:00,0,32
style.css,80,css,0ddef657,ivc003,2025-01-17,23:16:04,-08:00,2025-01-17T23:16:04-08:00,0,13
style.css,81,css,0ddef657,ivc003,2025-01-17,23:16:04,-08:00,2025-01-17T23:16:04-08:00,0,0
style.css,82,css,0ddef657,ivc003,2025-01-17,23:16:04,-08:00,2025-01-17T23:16:04-08:00,0,0
style.css,83,css,0ddef657,ivc003,2025-01-17,23:16:04,-08:00,2025-01-17T23:16:04-08:00,0,5
style.css,84,css,0ddef657,ivc003,2025-01-17,23:16:04,-08:00,2025-01-17T23:16:04-08:00,0,13
style.css,85,css,0ddef657,ivc003,2025-01-17,23:16:04,-08:00,2025-01-17T23:16:04-08:00,0,31
style.css,86,css,0ddef657,ivc003,2025-01-17,23:16:04,-08:00,2025-01-17T23:16:04-08:00,0,8
style.css,87,css,0ddef657,ivc003,2025-01-17,23:16:04,-08:00,2025-01-17T23:16:04-08:00,0,0
style.css,88,css,0ddef657,ivc003,2025-01-17,23:16:04,-08:00,2025-01-17T23:16:04-08:00,0,0
style.css,89,css,0ddef657,ivc003,2025-01-17,23:16:04,-08:00,2025-01-17T23:16:04-08:00,0,7
style.css,90,css,0ddef657,ivc003,2025-01-17,23:16:04,-08:00,2025-01-17T23:16:04-08:00,0,18
style.css,91,css,0ddef657,ivc003,2025-01-17,23:16:04,-08:00,2025-01-17T23:16:04-08:00,0,23
style.css,92,css,5a9d0110,ivc003,2025-01-18,23:17:52,-08:00,2025-01-18T23:17:52-08:00,0,9
style.css,93,css,5a9d0110,ivc003,2025-01-18,23:17:52,-08:00,2025-01-18T23:17:52-08:00,0,19
style.css,94,css,5a9d0110,ivc003,2025-01-18,23:17:52,-08:00,2025-01-18T23:17:52-08:00,0,15
style.css,95,css,5a9d0110,ivc003,2025-01-18,23:17:52,-08:00,2025-01-18T23:17:52-08:00,0,20
style.css,96,css,5a9d0110,ivc003,2025-01-18,23:17:52,-08:00,2025-01-18T23:17:52-08:00,0,0
style.css,97,css,5a9d0110,ivc003,2025-01-18,23:17:52,-08:00,2025-01-18T23:17:52-08:00,0,0
style.css,98,css,5a9d0110,ivc003,2025-01-18,23:17:52,-08:00,2025-01-18T23:17:52-08:00,0,13
style.css,99,css,5a9d0110,ivc003,2025-01-18,23:17:52,-08:00,2025-01-18T23:17:52-08:00,0,76
style.css,100,css,0ddef657,ivc003,2025-01-17,23:16:04,-08:00,2025-01-17T23:16:04-08:00,0,0
style.css,101,css,0ddef657,ivc003,2025-01-17,23:16:04,-08:00,2025-01-17T23:16:04-08:00,0,0
style.css,102,css,0ddef657,ivc003,2025-01-17,23:16:04,-08:00,2025-01-17T23:16:04-08:00,0,14
style.css,103,css,0ddef657,ivc003,2025-01-17,23:16:04,-08:00,2025-01-17T23:16:04-08:00,0,13
style.css,104,css,0ddef657,ivc003,2025-01-17,23:16:04,-08:00,2025-01-17T23:16:04-08:00,0,30
style.css,105,css,0ddef657,ivc003,2025-01-17,23:16:04,-08:00,2025-01-17T23:16:04-08:00,0,19
style.css,106,css,0ddef657,ivc003,2025-01-17,23:16:04,-08:00,2025-01-17T23:16:04-08:00,0,0
style.css,107,css,0ddef657,ivc003,2025-01-17,23:16:04,-08:00,2025-01-17T23:16:04-08:00,0,0
style.css,108,css,0ddef657,ivc003,2025-01-17,23:16:04,-08:00,2025-01-17T23:16:04-08:00,0,10
style.css,109,css,0ddef657,ivc003,2025-01-17,23:16:04,-08:00,2025-01-17T23:16:04-08:00,0,13
style.css,110,css,0ddef657,ivc003,2025-01-17,23:16:04,-08:00,2025-01-17T23:16:04-08:00,0,59
style.css,111,css,0ddef657,ivc003,2025-01-17,23:16:04,-08:00,2025-01-17T23:16:04-08:00,0,27
style.css,112,css,0ddef657,ivc003,2025-01-17,23:16:04,-08:00,2025-01-17T23:16:04-08:00,0,9
style.css,113,css,0ddef657,ivc003,2025-01-17,23:16:04,-08:00,2025-01-17T23:16:04-08:00,0,0
style.css,114,css,0ddef657,ivc003,2025-01-17,23:16:04,-08:00,2025-01-17T23:16:04-08:00,0,0
style.css,115,css,0ddef657,ivc003,2025-01-17,23:16:04,-08:00,2025-01-17T23:16:04-08:00,0,7
style.css,116,css,928c349a,ivc003,2025-01-31,22:05:17,-08:00,2025-01-31T22:05:17-08:00,0,27
style.css,117,css,0ddef657,ivc003,2025-01-17,23:16:04,-08:00,2025-01-17T23:16:04-08:00,0,13
style.css,118,css,0ddef657,ivc003,2025-01-17,23:16:04,-08:00,2025-01-17T23:16:04-08:00,0,16
style.css,119,css,0ddef657,ivc003,2025-01-17,23:16:04,-08:00,2025-01-17T23:16:04-08:00,0,8
style.css,120,css,0ddef657,ivc003,2025-01-17,23:16:04,-08:00,2025-01-17T23:16:04-08:00,0,0
style.css,121,css,0ddef657,ivc003,2025-01-17,23:16:04,-08:00,2025-01-17T23:16:04-08:00,0,0
style.css,122,css,0ddef657,ivc003,2025-01-17,23:16:04,-08:00,2025-01-17T23:16:04-08:00,0,3
style.css,123,css,0ddef657,ivc003,2025-01-17,23:16:04,-08:00,2025-01-17T23:16:04-08:00,0,15
style.css,124,css,0ddef657,ivc003,2025-01-17,23:16:04,-08:00,2025-01-17T23:16:04-08:00,0,20
style.css,125,css,0ddef657,ivc003,2025-01-17,23:16:04,-08:00,2025-01-17T23:16:04-08:00,0,0
style.css,126,css,0ddef657,ivc003,2025-01-17,23:16:04,-08:00,2025-01-17T23:16:04-08:00,0,0
style.css,127,css,0ddef657,ivc003,2025-01-17,23:16:04,-08:00,2025-01-17T23:16:04-08:00,0,3
style.css,128,css,80d7d40e,ivc003,2025-01-17,23:45:53,-08:00,2025-01-17T23:45:53-08:00,0,15
style.css,129,css,80d7d40e,ivc003,2025-01-17,23:45:53,-08:00,2025-01-17T23:45:53-08:00,0,9
style.css,130,css,80d7d40e,ivc003,2025-01-17,23:45:53,-08:00,2025-01-17T23:45:53-08:00,0,0
style.css,131,css,80d7d40e,ivc003,2025-01-17,23:45:53,-08:00,2025-01-17T23:45:53-08:00,0,0
style.css,132,css,80d7d40e,ivc003,2025-01-17,23:45:53,-08:00,2025-01-17T23:45:53-08:00,0,3
style.css,133,css,80d7d40e,ivc003,2025-01-17,23:45:53,-08:00,2025-01-17T23:45:53-08:00,0,16
style.css,134,css,0ddef657,ivc003,2025-01-17,23:16:04,-08:00,2025-01-17T23:16:04-08:00,0,9
style.css,135,css,0ddef657,ivc003,2025-01-17,23:16:04,-08:00,2025-01-17T23:16:04-08:00,0,0
style.css,136,css,0ddef657,ivc003,2025-01-17,23:16:04,-08:00,2025-01-17T23:16:04-08:00,0,0
style.css,137,css,0ddef657,ivc003,2025-01-17,23:16:04,-08:00,2025-01-17T23:16:04-08:00,0,22
style.css,138,css,0ddef657,ivc003,2025-01-17,23:16:04,-08:00,2025-01-17T23:16:04-08:00,0,16
style.css,139,css,0ddef657,ivc003,2025-01-17,23:16:04,-08:00,2025-01-17T23:16:04-08:00,0,18
style.css,140,css,0ddef657,ivc003,2025-01-17,23:16:04,-08:00,2025-01-17T23:16:04-08:00,0,0
style.css,141,css,0ddef657,ivc003,2025-01-17,23:16:04,-08:00,2025-01-17T23:16:04-08:00,0,0
style.css,142,css,80d7d40e,ivc003,2025-01-17,23:45:53,-08:00,2025-01-17T23:45:53-08:00,0,4
style.css,143,css,80d7d40e,ivc003,2025-01-17,23:45:53,-08:00,2025-01-17T23:45:53-08:00,0,17
style.css,144,css,80d7d40e,ivc003,2025-01-17,23:45:53,-08:00,2025-01-17T23:45:53-08:00,0,9
style.css,145,css,80d7d40e,ivc003,2025-01-17,23:45:53,-08:00,2025-01-17T23:45:53-08:00,0,17
style.css,146,css,80d7d40e,ivc003,2025-01-17,23:45:53,-08:00,2025-01-17T23:45:53-08:00,0,0
style.css,147,css,80d7d40e,ivc003,2025-01-17,23:45:53,-08:00,2025-01-17T23:45:53-08:00,0,0
style.css,148,css,80d7d40e,ivc003,2025-01-17,23:45:53,-08:00,2025-01-17T23:45:53-08:00,0,2
style.css,149,css,80d7d40e,ivc003,2025-01-17,23:45:53,-08:00,2025-01-17T23:45:53-08:00,0,9
style.css,150,css,80d7d40e,ivc003,2025-01-17,23:45:53,-08:00,2025-01-17T23:45:53-08:00,0,19
style.css,151,css,80d7d40e,ivc003,2025-01-17,23:45:53,-08:00,2025-01-17T23:45:53-08:00,0,0
style.css,152,css,80d7d40e,ivc003,2025-01-17,23:45:53,-08:00,2025-01-17T23:45:53-08:00,0,0
style.css,153,css,80d7d40e,ivc003,2025-01-17,23:45:53,-08:00,2025-01-17T23:45:53-08:00,0,2
style.css,154,css,80d7d40e,ivc003,2025-01-17,23:45:53,-08:00,2025-01-17T23:45:53-08:00,0,19
style.css,155,css,80d7d40e,ivc003,2025-01-17,23:45:53,-08:00,2025-01-17T23:45:53-08:00,0,0
style.css,156,css,80d7d40e,ivc003,2025-01-17,23:45:53,-08:00,2025-01-17T23:45:53-08:00,0,0
style.css,157,css,baf8bcd3,ivc003,2025-01-17,23:51:20,-08:00,2025-01-17T23:51:20-08:00,0,4
style.css,158,css,baf8bcd3,ivc003,2025-01-17,23:51:20,-08:00,2025-01-17T23:51:20-08:00,0,65
style.css,159,css,baf8bcd3,ivc003,2025-01-17,23:51:20,-08:00,2025-01-17T23:51:20-08:00,0,42
style.css,160,css,baf8bcd3,ivc003,2025-01-17,23:51:20,-08:00,2025-01-17T23:51:20-08:00,0,74
style.css,161,css,baf8bcd3,ivc003,2025-01-17,23:51:20,-08:00,2025-01-17T23:51:20-08:00,0,0
style.css,162,css,baf8bcd3,ivc003,2025-01-17,23:51:20,-08:00,2025-01-17T23:51:20-08:00,0,0
style.css,163,css,5a9d0110,ivc003,2025-01-18,23:17:52,-08:00,2025-01-18T23:17:52-08:00,0,6
style.css,164,css,5a9d0110,ivc003,2025-01-18,23:17:52,-08:00,2025-01-18T23:17:52-08:00,0,65
style.css,165,css,5a9d0110,ivc003,2025-01-18,23:17:52,-08:00,2025-01-18T23:17:52-08:00,0,42
style.css,166,css,5a9d0110,ivc003,2025-01-18,23:17:52,-08:00,2025-01-18T23:17:52-08:00,0,74
style.css,167,css,5a9d0110,ivc003,2025-01-18,23:17:52,-08:00,2025-01-18T23:17:52-08:00,0,0
style.css,168,css,5a9d0110,ivc003,2025-01-18,23:17:52,-08:00,2025-01-18T23:17:52-08:00,0,0
style.css,169,css,928c349a,ivc003,2025-01-31,22:05:17,-08:00,2025-01-31T22:05:17-08:00,0,3
style.css,170,css,928c349a,ivc003,2025-01-31,22:05:17,-08:00,2025-01-31T22:05:17-08:00,0,13
style.css,171,css,928c349a,ivc003,2025-01-31,22:05:17,-08:00,2025-01-31T22:05:17-08:00,0,72
style.css,172,css,928c349a,ivc003,2025-01-31,22:05:17,-08:00,2025-01-31T22:05:17-08:00,0,55
style.css,173,css,928c349a,ivc003,2025-01-31,22:05:17,-08:00,2025-01-31T22:05:17-08:00,0,0
style.css,174,css,928c349a,ivc003,2025-01-31,22:05:17,-08:00,2025-01-31T22:05:17-08:00,0,0
style.css,175,css,928c349a,ivc003,2025-01-31,22:05:17,-08:00,2025-01-31T22:05:17-08:00,0,40
style.css,176,css,928c349a,ivc003,2025-01-31,22:05:17,-08:00,2025-01-31T22:05:17-08:00,0,3
style.css,177,css,928c349a,ivc003,2025-01-31,22:05:17,-08:00,2025-01-31T22:05:17-08:00,0,11
style.css,178,css,928c349a,ivc003,2025-01-31,22:05:17,-08:00,2025-01-31T22:05:17-08:00,0,48
style.css,179,css,928c349a,ivc003,2025-01-31,22:05:17,-08:00,2025-01-31T22:05:17-08:00,0,0
style.css,180,css,928c349a,ivc003,2025-01-31,22:05:17,-08:00,2025-01-31T22:05:17-08:00,0,0
style.css,181,css,928c349a,ivc003,2025-01-31,22:05:17,-08:00,2025-01-31T22:05:17-08:00,0,48
style.css,182,css,928c349a,ivc003,2025-01-31,22:05:17,-08:00,2025-01-31T22:05:17-08:00,0,3
style.css,183,css,928c349a,ivc003,2025-01-31,22:05:17,-08:00,2025-01-31T22:05:17-08:00,0,11
style.css,184,css,928c349a,ivc003,2025-01-31,22:05:17,-08:00,2025-01-31T22:05:17-08:00,0,57
style.css,185,css,928c349a,ivc003,2025-01-31,22:05:17,-08:00,2025-01-31T22:05:17-08:00,0,0
style.css,186,css,b13d443d,ivc003,2025-02-08,15:47:55,-08:00,2025-02-08T15:47:55-08:00,0,0
style.css,187,css,b13d443d,ivc003,2025-02-08,15:47:55,-08:00,2025-02-08T15:47:55-08:00,0,40
style.css,188,css,b13d443d,ivc003,2025-02-08,15:47:55,-08:00,2025-02-08T15:47:55-08:00,0,0
style.css,189,css,b13d443d,ivc003,2025-02-08,15:47:55,-08:00,2025-02-08T15:47:55-08:00,0,19
style.css,190,css,b13d443d,ivc003,2025-02-08,15:47:55,-08:00,2025-02-08T15:47:55-08:00,0,15
style.css,191,css,b13d443d,ivc003,2025-02-08,15:47:55,-08:00,2025-02-08T15:47:55-08:00,0,17
style.css,192,css,75c071a0,ivc003,2025-02-08,18:54:42,-08:00,2025-02-08T18:54:42-08:00,0,18
style.css,193,css,b13d443d,ivc003,2025-02-08,15:47:55,-08:00,2025-02-08T15:47:55-08:00,0,17
style.css,194,css,b13d443d,ivc003,2025-02-08,15:47:55,-08:00,2025-02-08T15:47:55-08:00,0,0
style.css,195,css,75c071a0,ivc003,2025-02-08,18:54:42,-08:00,2025-02-08T18:54:42-08:00,0,0
style.css,196,css,75c071a0,ivc003,2025-02-08,18:54:42,-08:00,2025-02-08T18:54:42-08:00,0,11
style.css,197,css,75c071a0,ivc003,2025-02-08,18:54:42,-08:00,2025-02-08T18:54:42-08:00,0,13
style.css,198,css,75c071a0,ivc003,2025-02-08,18:54:42,-08:00,2025-02-08T18:54:42-08:00,0,9
style.css,199,css,75c071a0,ivc003,2025-02-08,18:54:42,-08:00,2025-02-08T18:54:42-08:00,0,0
style.css,200,css,75c071a0,ivc003,2025-02-08,18:54:42,-08:00,2025-02-08T18:54:42-08:00,0,0
style.css,201,css,75c071a0,ivc003,2025-02-08,18:54:42,-08:00,2025-02-08T18:54:42-08:00,0,8
style.css,202,css,75c071a0,ivc003,2025-02-08,18:54:42,-08:00,2025-02-08T18:54:42-08:00,0,21
style.css,203,css,75c071a0,ivc003,2025-02-08,18:54:42,-08:00,2025-02-08T18:54:42-08:00,0,10
style.css,204,css,75c071a0,ivc003,2025-02-08,18:54:42,-08:00,2025-02-08T18:54:42-08:00,0,9
style.css,205,css,75c071a0,ivc003,2025-02-08,18:54:42,-08:00,2025-02-08T18:54:42-08:00,0,13
style.css,206,css,75c071a0,ivc003,2025-02-08,18:54:42,-08:00,2025-02-08T18:54:42-08:00,0,111
style.css,207,css,75c071a0,ivc003,2025-02-08,18:54:42,-08:00,2025-02-08T18:54:42-08:00,0,35
style.css,208,css,75c071a0,ivc003,2025-02-08,18:54:42,-08:00,2025-02-08T18:54:42-08:00,0,7
style.css,209,css,75c071a0,ivc003,2025-02-08,18:54:42,-08:00,2025-02-08T18:54:42-08:00,0,0
style.css,210,css,75c071a0,ivc003,2025-02-08,18:54:42,-08:00,2025-02-08T18:54:42-08:00,0,0
style.css,211,css,75c071a0,ivc003,2025-02-08,18:54:42,-08:00,2025-02-08T18:54:42-08:00,0,0
style.css,212,css,75c071a0,ivc003,2025-02-08,18:54:42,-08:00,2025-02-08T18:54:42-08:00,0,11
style.css,213,css,75c071a0,ivc003,2025-02-08,18:54:42,-08:00,2025-02-08T18:54:42-08:00,0,13
style.css,214,css,75c071a0,ivc003,2025-02-08,18:54:42,-08:00,2025-02-08T18:54:42-08:00,0,19
style.css,215,css,75c071a0,ivc003,2025-02-08,18:54:42,-08:00,2025-02-08T18:54:42-08:00,0,51
style.css,216,css,75c071a0,ivc003,2025-02-08,18:54:42,-08:00,2025-02-08T18:54:42-08:00,0,0
style.css,217,css,75c071a0,ivc003,2025-02-08,18:54:42,-08:00,2025-02-08T18:54:42-08:00,0,0
style.css,218,css,75c071a0,ivc003,2025-02-08,18:54:42,-08:00,2025-02-08T18:54:42-08:00,0,0
style.css,219,css,75c071a0,ivc003,2025-02-08,18:54:42,-08:00,2025-02-08T18:54:42-08:00,0,16
style.css,220,css,75c071a0,ivc003,2025-02-08,18:54:42,-08:00,2025-02-08T18:54:42-08:00,0,43
style.css,221,css,75c071a0,ivc003,2025-02-08,18:54:42,-08:00,2025-02-08T18:54:42-08:00,0,44
style.css,222,css,75c071a0,ivc003,2025-02-08,18:54:42,-08:00,2025-02-08T18:54:42-08:00,0,55
style.css,223,css,75c071a0,ivc003,2025-02-08,18:54:42,-08:00,2025-02-08T18:54:42-08:00,0,75
style.css,224,css,75c071a0,ivc003,2025-02-08,18:54:42,-08:00,2025-02-08T18:54:42-08:00,0,55
style.css,225,css,75c071a0,ivc003,2025-02-08,18:54:42,-08:00,2025-02-08T18:54:42-08:00,0,59
style.css,226,css,75c071a0,ivc003,2025-02-08,18:54:42,-08:00,2025-02-08T18:54:42-08:00,0,0
style.css,227,css,75c071a0,ivc003,2025-02-08,18:54:42,-08:00,2025-02-08T18:54:42-08:00,0,0
style.css,228,css,75c071a0,ivc003,2025-02-08,18:54:42,-08:00,2025-02-08T18:54:42-08:00,0,0
style.css,229,css,75c071a0,ivc003,2025-02-08,18:54:42,-08:00,2025-02-08T18:54:42-08:00,0,26
style.css,230,css,75c071a0,ivc003,2025-02-08,18:54:42,-08:00,2025-02-08T18:54:42-08:00,0,11
style.css,231,css,75c071a0,ivc003,2025-02-08,18:54:42,-08:00,2025-02-08T18:54:42-08:00,0,13
style.css,232,css,75c071a0,ivc003,2025-02-08,18:54:42,-08:00,2025-02-08T18:54:42-08:00,0,11
style.css,233,css,75c071a0,ivc003,2025-02-08,18:54:42,-08:00,2025-02-08T18:54:42-08:00,0,68
style.css,234,css,75c071a0,ivc003,2025-02-08,18:54:42,-08:00,2025-02-08T18:54:42-08:00,0,54
style.css,235,css,75c071a0,ivc003,2025-02-08,18:54:42,-08:00,2025-02-08T18:54:42-08:00,0,42
style.css,236,css,75c071a0,ivc003,2025-02-08,18:54:42,-08:00,2025-02-08T18:54:42-08:00,0,55
style.css,237,css,75c071a0,ivc003,2025-02-08,18:54:42,-08:00,2025-02-08T18:54:42-08:00,0,38
style.css,238,css,75c071a0,ivc003,2025-02-08,18:54:42,-08:00,2025-02-08T18:54:42-08:00,0,35
style.css,239,css,de1b27b8,ivc003,2025-02-08,20:46:26,-08:00,2025-02-08T20:46:26-08:00,0,0
style.css,240,css,de1b27b8,ivc003,2025-02-08,20:46:26,-08:00,2025-02-08T20:46:26-08:00,0,0
style.css,241,css,de1b27b8,ivc003,2025-02-08,20:46:26,-08:00,2025-02-08T20:46:26-08:00,0,18
style.css,242,css,de1b27b8,ivc003,2025-02-08,20:46:26,-08:00,2025-02-08T20:46:26-08:00,0,17
style.css,243,css,de1b27b8,ivc003,2025-02-08,20:46:26,-08:00,2025-02-08T20:46:26-08:00,0,12
style.css,244,css,de1b27b8,ivc003,2025-02-08,20:46:26,-08:00,2025-02-08T20:46:26-08:00,0,0
style.css,245,css,de1b27b8,ivc003,2025-02-08,20:46:26,-08:00,2025-02-08T20:46:26-08:00,0,0
style.css,246,css,de1b27b8,ivc003,2025-02-08,20:46:26,-08:00,2025-02-08T20:46:26-08:00,0,0
style.css,247,css,de1b27b8,ivc003,2025-02-08,20:46:26,-08:00,2025-02-08T20:46:26-08:00,0,5
style.css,248,css,de1b27b8,ivc003,2025-02-08,20:46:26,-08:00,2025-02-08T20:46:26-08:00,0,17
style.css,249,css,de1b27b8,ivc003,2025-02-08,20:46:26,-08:00,2025-02-08T20:46:26-08:00,0,15
style.css,250,css,de1b27b8,ivc003,2025-02-08,20:46:26,-08:00,2025-02-08T20:46:26-08:00,0,0
style.css,251,css,de1b27b8,ivc003,2025-02-08,20:46:26,-08:00,2025-02-08T20:46:26-08:00,0,0
style.css,252,css,de1b27b8,ivc003,2025-02-08,20:46:26,-08:00,2025-02-08T20:46:26-08:00,0,10
style.css,253,css,de1b27b8,ivc003,2025-02-08,20:46:26,-08:00,2025-02-08T20:46:26-08:00,0,36
style.css,254,css,de1b27b8,ivc003,2025-02-08,20:46:26,-08:00,2025-02-08T20:46:26-08:00,0,25
style.css,255,css,04f0f499,ivc003,2025-02-08,20:57:05,-08:00,2025-02-08T20:57:05-08:00,0,0
style.css,256,css,04f0f499,ivc003,2025-02-08,20:57:05,-08:00,2025-02-08T20:57:05-08:00,0,0
style.css,257,css,04f0f499,ivc003,2025-02-08,20:57:05,-08:00,2025-02-08T20:57:05-08:00,0,0
style.css,258,css,04f0f499,ivc003,2025-02-08,20:57:05,-08:00,2025-02-08T20:57:05-08:00,0,0
index.js,1,js,d2a3ca9e,ivc003,2025-01-31,23:31:40,-08:00,2025-01-31T23:31:40-08:00,0,83
index.js,2,js,d2a3ca9e,ivc003,2025-01-31,23:31:40,-08:00,2025-01-31T23:31:40-08:00,0,0
index.js,3,js,d2a3ca9e,ivc003,2025-01-31,23:31:40,-08:00,2025-01-31T23:31:40-08:00,0,30
index.js,4,js,d2a3ca9e,ivc003,2025-01-31,23:31:40,-08:00,2025-01-31T23:31:40-08:00,0,4
index.js,5,js,d2a3ca9e,ivc003,2025-01-31,23:31:40,-08:00,2025-01-31T23:31:40-08:00,0,40
index.js,6,js,d2a3ca9e,ivc003,2025-01-31,23:31:40,-08:00,2025-01-31T23:31:40-08:00,0,33
index.js,7,js,d2a3ca9e,ivc003,2025-01-31,23:31:40,-08:00,2025-01-31T23:31:40-08:00,0,18
index.js,8,js,d2a3ca9e,ivc003,2025-01-31,23:31:40,-08:00,2025-01-31T23:31:40-08:00,0,67
index.js,9,js,d2a3ca9e,ivc003,2025-01-31,23:31:40,-08:00,2025-01-31T23:31:40-08:00,0,0
index.js,10,js,d2a3ca9e,ivc003,2025-01-31,23:31:40,-08:00,2025-01-31T23:31:40-08:00,0,20
index.js,11,js,d2a3ca9e,ivc003,2025-01-31,23:31:40,-08:00,2025-01-31T23:31:40-08:00,0,34
index.js,12,js,d2a3ca9e,ivc003,2025-01-31,23:31:40,-08:00,2025-01-31T23:31:40-08:00,0,11
index.js,13,js,d2a3ca9e,ivc003,2025-01-31,23:31:40,-08:00,2025-01-31T23:31:40-08:00,0,0
index.js,14,js,d2a3ca9e,ivc003,2025-01-31,23:31:40,-08:00,2025-01-31T23:31:40-08:00,0,0
index.js,15,js,d2a3ca9e,ivc003,2025-01-31,23:31:40,-08:00,2025-01-31T23:31:40-08:00,0,16
index.js,16,js,d2a3ca9e,ivc003,2025-01-31,23:31:40,-08:00,2025-01-31T23:31:40-08:00,0,60
index.js,17,js,d2a3ca9e,ivc003,2025-01-31,23:31:40,-08:00,2025-01-31T23:31:40-08:00,0,0
index.js,18,js,d2a3ca9e,ivc003,2025-01-31,23:31:40,-08:00,2025-01-31T23:31:40-08:00,0,0
index.js,19,js,d2a3ca9e,ivc003,2025-01-31,23:31:40,-08:00,2025-01-31T23:31:40-08:00,0,0
index.js,20,js,d2a3ca9e,ivc003,2025-01-31,23:31:40,-08:00,2025-01-31T23:31:40-08:00,0,72
index.js,21,js,d2a3ca9e,ivc003,2025-01-31,23:31:40,-08:00,2025-01-31T23:31:40-08:00,0,24
index.js,22,js,d2a3ca9e,ivc003,2025-01-31,23:31:40,-08:00,2025-01-31T23:31:40-08:00,0,31
index.js,23,js,d2a3ca9e,ivc003,2025-01-31,23:31:40,-08:00,2025-01-31T23:31:40-08:00,0,0
index.js,24,js,d2a3ca9e,ivc003,2025-01-31,23:31:40,-08:00,2025-01-31T23:31:40-08:00,0,23
index.js,25,js,d2a3ca9e,ivc003,2025-01-31,23:31:40,-08:00,2025-01-31T23:31:40-08:00,0,49
index.js,26,js,d2a3ca9e,ivc003,2025-01-31,23:31:40,-08:00,2025-01-31T23:31:40-08:00,0,20
index.js,27,js,d2a3ca9e,ivc003,2025-01-31,23:31:40,-08:00,2025-01-31T23:31:40-08:00,0,27
index.js,28,js,d2a3ca9e,ivc003,2025-01-31,23:31:40,-08:00,2025-01-31T23:31:40-08:00,0,56
index.js,29,js,d2a3ca9e,ivc003,2025-01-31,23:31:40,-08:00,2025-01-31T23:31:40-08:00,0,52
index.js,30,js,d2a3ca9e,ivc003,2025-01-31,23:31:40,-08:00,2025-01-31T23:31:40-08:00,0,1
index.js,31,js,d2a3ca9e,ivc003,2025-01-31,23:31:40,-08:00,2025-01-31T23:31:40-08:00,0,0
index.js,32,js,d2a3ca9e,ivc003,2025-01-31,23:31:40,-08:00,2025-01-31T23:31:40-08:00,0,37
index.js,33,js,d2a3ca9e,ivc003,2025-01-31,23:31:40,-08:00,2025-01-31T23:31:40-08:00,0,0
index.js,34,js,d2a3ca9e,ivc003,2025-01-31,23:31:40,-08:00,2025-01-31T23:31:40-08:00,0,0
index.js,35,js,d2a3ca9e,ivc003,2025-01-31,23:31:40,-08:00,2025-01-31T23:31:40-08:00,0,0
index.js,36,js,d2a3ca9e,ivc003,2025-01-31,23:31:40,-08:00,2025-01-31T23:31:40-08:00,0,41
index.js,37,js,d2a3ca9e,ivc003,2025-01-31,23:31:40,-08:00,2025-01-31T23:31:40-08:00,0,60
index.js,38,js,d2a3ca9e,ivc003,2025-01-31,23:31:40,-08:00,2025-01-31T23:31:40-08:00,0,0
index.js,39,js,928c349a,ivc003,2025-01-31,22:05:17,-08:00,2025-01-31T22:05:17-08:00,0,0
index.js,40,js,9e659550,ivc003,2025-01-31,23:09:24,-08:00,2025-01-31T23:09:24-08:00,0,55
index.js,41,js,5570894d,ivc003,2025-01-31,22:48:13,-08:00,2025-01-31T22:48:13-08:00,0,43
index.js,42,js,06a588ae,ivc003,2025-01-31,22:59:05,-08:00,2025-01-31T22:59:05-08:00,0,30
index.js,43,js,928c349a,ivc003,2025-01-31,22:05:17,-08:00,2025-01-31T22:05:17-08:00,0,0
index.js,44,js,5570894d,ivc003,2025-01-31,22:48:13,-08:00,2025-01-31T22:48:13-08:00,0,61
index.js,45,js,5570894d,ivc003,2025-01-31,22:48:13,-08:00,2025-01-31T22:48:13-08:00,0,55
index.js,46,js,928c349a,ivc003,2025-01-31,22:05:17,-08:00,2025-01-31T22:05:17-08:00,0,0
index.js,47,js,5570894d,ivc003,2025-01-31,22:48:13,-08:00,2025-01-31T22:48:13-08:00,0,50
index.js,48,js,5570894d,ivc003,2025-01-31,22:48:13,-08:00,2025-01-31T22:48:13-08:00,0,61
index.js,49,js,928c349a,ivc003,2025-01-31,22:05:17,-08:00,2025-01-31T22:05:17-08:00,0,0
index.js,50,js,5570894d,ivc003,2025-01-31,22:48:13,-08:00,2025-01-31T22:48:13-08:00,0,18
index.js,51,js,5570894d,ivc003,2025-01-31,22:48:13,-08:00,2025-01-31T22:48:13-08:00,0,25
index.js,52,js,5570894d,ivc003,2025-01-31,22:48:13,-08:00,2025-01-31T22:48:13-08:00,0,30
index.js,53,js,5570894d,ivc003,2025-01-31,22:48:13,-08:00,2025-01-31T22:48:13-08:00,0,3
index.js,54,js,5570894d,ivc003,2025-01-31,22:48:13,-08:00,2025-01-31T22:48:13-08:00,0,56
index.js,55,js,5570894d,ivc003,2025-01-31,22:48:13,-08:00,2025-01-31T22:48:13-08:00,0,56
index.js,56,js,5570894d,ivc003,2025-01-31,22:48:13,-08:00,2025-01-31T22:48:13-08:00,0,50
index.js,57,js,5570894d,ivc003,2025-01-31,22:48:13,-08:00,2025-01-31T22:48:13-08:00,0,50
index.js,58,js,5570894d,ivc003,2025-01-31,22:48:13,-08:00,2025-01-31T22:48:13-08:00,0,4
index.js,59,js,5570894d,ivc003,2025-01-31,22:48:13,-08:00,2025-01-31T22:48:13-08:00,0,1
index.js,60,js,5570894d,ivc003,2025-01-31,22:48:13,-08:00,2025-01-31T22:48:13-08:00,0,0
index.html,1,html,81a32cf3,ivc003,2025-01-24,23:27:12,-08:00,2025-01-24T23:27:12-08:00,0,27
index.html,2,html,c9759eeb,ivc003,2025-01-09,16:59:44,-08:00,2025-01-09T16:59:44-08:00,0,15
index.html,3,html,c9759eeb,ivc003,2025-01-09,16:59:44,-08:00,2025-01-09T16:59:44-08:00,0,5
index.html,4,html,c9759eeb,ivc003,2025-01-09,16:59:44,-08:00,2025-01-09T16:59:44-08:00,0,21
index.html,5,html,c9759eeb,ivc003,2025-01-09,16:59:44,-08:00,2025-01-09T16:59:44-08:00,0,69
index.html,6,html,70471d78,ivc003,2025-01-10,22:39:13,-08:00,2025-01-10T22:39:13-08:00,0,39
index.html,7,html,5cd566ac,ivc003,2025-01-25,00:13:52,-08:00,2025-01-25T00:13:52-08:00,0,52
index.html,8,html,c9759eeb,ivc003,2025-01-09,16:59:44,-08:00,2025-01-09T16:59:44-08:00,0,6
index.html,9,html,c9759eeb,ivc003,2025-01-09,16:59:44,-08:00,2025-01-09T16:59:44-08:00,0,5
index.html,10,html,1e564136,ivc003,2025-01-24,14:36:51,-08:00,2025-01-24T14:36:51-08:00,0,22
index.html,11,html,f9703adc,ivc003,2025-01-17,22:15:40,-08:00,2025-01-17T22:15:40-08:00,0,3
index.html,12,html,1e564136,ivc003,2025-01-24,14:36:51,-08:00,2025-01-24T14:36:51-08:00,0,37
index.html,13,html,f9703adc,ivc003,2025-01-17,22:15:40,-08:00,2025-01-17T22:15:40-08:00,0,50
index.html,14,html,f9703adc,ivc003,2025-01-17,22:15:40,-08:00,2025-01-17T22:15:40-08:00,0,48
index.html,15,html,f9703adc,ivc003,2025-01-17,22:15:40,-08:00,2025-01-17T22:15:40-08:00,0,55
index.html,16,html,f9703adc,ivc003,2025-01-17,22:15:40,-08:00,2025-01-17T22:15:40-08:00,0,46
index.html,17,html,f9703adc,ivc003,2025-01-17,22:15:40,-08:00,2025-01-17T22:15:40-08:00,0,4
index.html,18,html,1e564136,ivc003,2025-01-24,14:36:51,-08:00,2025-01-24T14:36:51-08:00,0,9
index.html,19,html,f9703adc,ivc003,2025-01-17,22:15:40,-08:00,2025-01-17T22:15:40-08:00,0,0
index.html,20,html,5cd566ac,ivc003,2025-01-25,00:13:52,-08:00,2025-01-25T00:13:52-08:00,0,28
index.html,21,html,f9703adc,ivc003,2025-01-17,22:15:40,-08:00,2025-01-17T22:15:40-08:00,0,93
index.html,22,html,f9703adc,ivc003,2025-01-17,22:15:40,-08:00,2025-01-17T22:15:40-08:00,0,88
index.html,23,html,f9703adc,ivc003,2025-01-17,22:15:40,-08:00,2025-01-17T22:15:40-08:00,0,3
index.html,24,html,80d7d40e,ivc003,2025-01-17,23:45:53,-08:00,2025-01-17T23:45:53-08:00,0,57
index.html,25,html,928c349a,ivc003,2025-01-31,22:05:17,-08:00,2025-01-31T22:05:17-08:00,0,51
index.html,26,html,928c349a,ivc003,2025-01-31,22:05:17,-08:00,2025-01-31T22:05:17-08:00,0,0
index.html,27,html,928c349a,ivc003,2025-01-31,22:05:17,-08:00,2025-01-31T22:05:17-08:00,0,31
index.html,28,html,928c349a,ivc003,2025-01-31,22:05:17,-08:00,2025-01-31T22:05:17-08:00,0,3
index.html,29,html,928c349a,ivc003,2025-01-31,22:05:17,-08:00,2025-01-31T22:05:17-08:00,0,21
index.html,30,html,928c349a,ivc003,2025-01-31,22:05:17,-08:00,2025-01-31T22:05:17-08:00,0,50
index.html,31,html,928c349a,ivc003,2025-01-31,22:05:17,-08:00,2025-01-31T22:05:17-08:00,0,5
index.html,32,html,928c349a,ivc003,2025-01-31,22:05:17,-08:00,2025-01-31T22:05:17-08:00,0,0
index.html,33,html,ab3f9544,ivc003,2025-01-31,23:13:27,-08:00,2025-01-31T23:13:27-08:00,0,46
index.html,34,html,ab3f9544,ivc003,2025-01-31,23:13:27,-08:00,2025-01-31T23:13:27-08:00,0,51
index.html,35,html,928c349a,ivc003,2025-01-31,22:05:17,-08:00,2025-01-31T22:05:17-08:00,0,0
index.html,36,html,928c349a,ivc003,2025-01-31,22:05:17,-08:00,2025-01-31T22:05:17-08:00,0,29
index.html,37,html,c9759eeb,ivc003,2025-01-09,16:59:44,-08:00,2025-01-09T16:59:44-08:00,0,6
index.html,38,html,70471d78,ivc003,2025-01-10,22:39:13,-08:00,2025-01-10T22:39:13-08:00,0,6
global.js,1,js,5cd566ac,ivc003,2025-01-25,00:13:52,-08:00,2025-01-25T00:13:52-08:00,0,26
global.js,2,js,1e564136,ivc003,2025-01-24,14:36:51,-08:00,2025-01-24T14:36:51-08:00,0,27
global.js,3,js,1e564136,ivc003,2025-01-24,14:36:51,-08:00,2025-01-24T14:36:51-08:00,0,0
global.js,4,js,1e564136,ivc003,2025-01-24,14:36:51,-08:00,2025-01-24T14:36:51-08:00,0,42
global.js,5,js,1e564136,ivc003,2025-01-24,14:36:51,-08:00,2025-01-24T14:36:51-08:00,0,53
global.js,6,js,1e564136,ivc003,2025-01-24,14:36:51,-08:00,2025-01-24T14:36:51-08:00,0,0
global.js,7,js,1e564136,ivc003,2025-01-24,14:36:51,-08:00,2025-01-24T14:36:51-08:00,0,0
global.js,8,js,5cd566ac,ivc003,2025-01-25,00:13:52,-08:00,2025-01-25T00:13:52-08:00,0,49
global.js,9,js,1e564136,ivc003,2025-01-24,14:36:51,-08:00,2025-01-24T14:36:51-08:00,0,12
global.js,10,js,bf53fc36,ivc003,2025-01-24,23:59:53,-08:00,2025-01-24T23:59:53-08:00,0,36
global.js,11,js,9d0862f0,ivc003,2025-01-24,23:37:24,-08:00,2025-01-24T23:37:24-08:00,0,49
global.js,12,js,9d0862f0,ivc003,2025-01-24,23:37:24,-08:00,2025-01-24T23:37:24-08:00,0,46
global.js,13,js,9d0862f0,ivc003,2025-01-24,23:37:24,-08:00,2025-01-24T23:37:24-08:00,0,44
global.js,14,js,00000000,Not Committed Yet,2025-02-11,17:46:34,-08:00,2025-02-11T17:46:34-08:00,0,53
global.js,15,js,00000000,Not Committed Yet,2025-02-11,17:46:34,-08:00,2025-02-11T17:46:34-08:00,0,39
global.js,16,js,1e564136,ivc003,2025-01-24,14:36:51,-08:00,2025-01-24T14:36:51-08:00,0,1
global.js,17,js,1e564136,ivc003,2025-01-24,14:36:51,-08:00,2025-01-24T14:36:51-08:00,0,0
global.js,18,js,510b84e7,ivc003,2025-01-24,22:27:36,-08:00,2025-01-24T22:27:36-08:00,0,0
global.js,19,js,1e564136,ivc003,2025-01-24,14:36:51,-08:00,2025-01-24T14:36:51-08:00,0,39
global.js,20,js,f4739da1,ivc003,2025-01-24,14:51:36,-08:00,2025-01-24T14:51:36-08:00,0,25
global.js,21,js,1e564136,ivc003,2025-01-24,14:36:51,-08:00,2025-01-24T14:36:51-08:00,0,26
global.js,22,js,1e564136,ivc003,2025-01-24,14:36:51,-08:00,2025-01-24T14:36:51-08:00,0,0
global.js,23,js,1e564136,ivc003,2025-01-24,14:36:51,-08:00,2025-01-24T14:36:51-08:00,0,21
global.js,24,js,1e564136,ivc003,2025-01-24,14:36:51,-08:00,2025-01-24T14:36:51-08:00,0,15
global.js,25,js,1e564136,ivc003,2025-01-24,14:36:51,-08:00,2025-01-24T14:36:51-08:00,0,19
global.js,26,js,1e564136,ivc003,2025-01-24,14:36:51,-08:00,2025-01-24T14:36:51-08:00,0,71
global.js,27,js,1e564136,ivc003,2025-01-24,14:36:51,-08:00,2025-01-24T14:36:51-08:00,0,0
global.js,28,js,5e3302ff,ivc003,2025-01-25,00:06:51,-08:00,2025-01-25T00:06:51-08:00,0,29
global.js,29,js,23a3cb16,ivc003,2025-01-24,23:45:11,-08:00,2025-01-24T23:45:11-08:00,0,20
global.js,30,js,1e564136,ivc003,2025-01-24,14:36:51,-08:00,2025-01-24T14:36:51-08:00,0,0
global.js,31,js,1e564136,ivc003,2025-01-24,14:36:51,-08:00,2025-01-24T14:36:51-08:00,0,0
global.js,32,js,1e564136,ivc003,2025-01-24,14:36:51,-08:00,2025-01-24T14:36:51-08:00,0,35
global.js,33,js,1e564136,ivc003,2025-01-24,14:36:51,-08:00,2025-01-24T14:36:51-08:00,0,12
global.js,34,js,1e564136,ivc003,2025-01-24,14:36:51,-08:00,2025-01-24T14:36:51-08:00,0,21
global.js,35,js,f4739da1,ivc003,2025-01-24,14:51:36,-08:00,2025-01-24T14:51:36-08:00,0,0
global.js,36,js,1e564136,ivc003,2025-01-24,14:36:51,-08:00,2025-01-24T14:36:51-08:00,0,66
global.js,37,js,1e564136,ivc003,2025-01-24,14:36:51,-08:00,2025-01-24T14:36:51-08:00,0,26
global.js,38,js,1e564136,ivc003,2025-01-24,14:36:51,-08:00,2025-01-24T14:36:51-08:00,0,0
global.js,39,js,1e564136,ivc003,2025-01-24,14:36:51,-08:00,2025-01-24T14:36:51-08:00,0,0
global.js,40,js,f4739da1,ivc003,2025-01-24,14:51:36,-08:00,2025-01-24T14:51:36-08:00,0,66
global.js,41,js,f4739da1,ivc003,2025-01-24,14:51:36,-08:00,2025-01-24T14:51:36-08:00,0,22
global.js,42,js,f4739da1,ivc003,2025-01-24,14:51:36,-08:00,2025-01-24T14:51:36-08:00,0,0
global.js,43,js,f4739da1,ivc003,2025-01-24,14:51:36,-08:00,2025-01-24T14:51:36-08:00,0,0
global.js,44,js,1e564136,ivc003,2025-01-24,14:36:51,-08:00,2025-01-24T14:36:51-08:00,0,13
global.js,45,js,1e564136,ivc003,2025-01-24,14:36:51,-08:00,2025-01-24T14:36:51-08:00,0,0
global.js,46,js,1e564136,ivc003,2025-01-24,14:36:51,-08:00,2025-01-24T14:36:51-08:00,0,0
global.js,47,js,510b84e7,ivc003,2025-01-24,22:27:36,-08:00,2025-01-24T22:27:36-08:00,0,32
global.js,48,js,510b84e7,ivc003,2025-01-24,22:27:36,-08:00,2025-01-24T22:27:36-08:00,0,12
global.js,49,js,510b84e7,ivc003,2025-01-24,22:27:36,-08:00,2025-01-24T22:27:36-08:00,0,0
global.js,50,js,510b84e7,ivc003,2025-01-24,22:27:36,-08:00,2025-01-24T22:27:36-08:00,0,27
global.js,51,js,510b84e7,ivc003,2025-01-24,22:27:36,-08:00,2025-01-24T22:27:36-08:00,0,5
global.js,52,js,510b84e7,ivc003,2025-01-24,22:27:36,-08:00,2025-01-24T22:27:36-08:00,0,27
global.js,53,js,510b84e7,ivc003,2025-01-24,22:27:36,-08:00,2025-01-24T22:27:36-08:00,0,38
global.js,54,js,510b84e7,ivc003,2025-01-24,22:27:36,-08:00,2025-01-24T22:27:36-08:00,0,35
global.js,55,js,510b84e7,ivc003,2025-01-24,22:27:36,-08:00,2025-01-24T22:27:36-08:00,0,33
global.js,56,js,510b84e7,ivc003,2025-01-24,22:27:36,-08:00,2025-01-24T22:27:36-08:00,0,8
global.js,57,js,510b84e7,ivc003,2025-01-24,22:27:36,-08:00,2025-01-24T22:27:36-08:00,0,8
global.js,58,js,510b84e7,ivc003,2025-01-24,22:27:36,-08:00,2025-01-24T22:27:36-08:00,0,1
global.js,59,js,510b84e7,ivc003,2025-01-24,22:27:36,-08:00,2025-01-24T22:27:36-08:00,0,0
global.js,60,js,510b84e7,ivc003,2025-01-24,22:27:36,-08:00,2025-01-24T22:27:36-08:00,0,56
global.js,61,js,510b84e7,ivc003,2025-01-24,22:27:36,-08:00,2025-01-24T22:27:36-08:00,0,60
global.js,62,js,510b84e7,ivc003,2025-01-24,22:27:36,-08:00,2025-01-24T22:27:36-08:00,0,54
global.js,63,js,510b84e7,ivc003,2025-01-24,22:27:36,-08:00,2025-01-24T22:27:36-08:00,0,0
global.js,64,js,510b84e7,ivc003,2025-01-24,22:27:36,-08:00,2025-01-24T22:27:36-08:00,0,22
global.js,65,js,f59ed400,ivc003,2025-01-24,22:54:09,-08:00,2025-01-24T22:54:09-08:00,0,32
global.js,66,js,510b84e7,ivc003,2025-01-24,22:27:36,-08:00,2025-01-24T22:27:36-08:00,0,76
global.js,67,js,510b84e7,ivc003,2025-01-24,22:27:36,-08:00,2025-01-24T22:27:36-08:00,0,66
global.js,68,js,510b84e7,ivc003,2025-01-24,22:27:36,-08:00,2025-01-24T22:27:36-08:00,0,7
global.js,69,js,510b84e7,ivc003,2025-01-24,22:27:36,-08:00,2025-01-24T22:27:36-08:00,0,44
global.js,70,js,510b84e7,ivc003,2025-01-24,22:27:36,-08:00,2025-01-24T22:27:36-08:00,0,21
global.js,71,js,510b84e7,ivc003,2025-01-24,22:27:36,-08:00,2025-01-24T22:27:36-08:00,0,0
global.js,72,js,510b84e7,ivc003,2025-01-24,22:27:36,-08:00,2025-01-24T22:27:36-08:00,0,0
global.js,73,js,510b84e7,ivc003,2025-01-24,22:27:36,-08:00,2025-01-24T22:27:36-08:00,0,50
global.js,74,js,510b84e7,ivc003,2025-01-24,22:27:36,-08:00,2025-01-24T22:27:36-08:00,0,78
global.js,75,js,510b84e7,ivc003,2025-01-24,22:27:36,-08:00,2025-01-24T22:27:36-08:00,0,55
global.js,76,js,510b84e7,ivc003,2025-01-24,22:27:36,-08:00,2025-01-24T22:27:36-08:00,0,0
global.js,77,js,510b84e7,ivc003,2025-01-24,22:27:36,-08:00,2025-01-24T22:27:36-08:00,0,52
global.js,78,js,510b84e7,ivc003,2025-01-24,22:27:36,-08:00,2025-01-24T22:27:36-08:00,0,2
global.js,79,js,0822cb2c,ivc003,2025-01-31,14:51:45,-08:00,2025-01-31T14:51:45-08:00,0,0
global.js,80,js,0822cb2c,ivc003,2025-01-31,14:51:45,-08:00,2025-01-31T14:51:45-08:00,0,37
global.js,81,js,0822cb2c,ivc003,2025-01-31,14:51:45,-08:00,2025-01-31T14:51:45-08:00,0,4
global.js,82,js,0822cb2c,ivc003,2025-01-31,14:51:45,-08:00,2025-01-31T14:51:45-08:00,0,40
global.js,83,js,0822cb2c,ivc003,2025-01-31,14:51:45,-08:00,2025-01-31T14:51:45-08:00,0,33
global.js,84,js,0822cb2c,ivc003,2025-01-31,14:51:45,-08:00,2025-01-31T14:51:45-08:00,0,18
global.js,85,js,0822cb2c,ivc003,2025-01-31,14:51:45,-08:00,2025-01-31T14:51:45-08:00,0,67
global.js,86,js,0822cb2c,ivc003,2025-01-31,14:51:45,-08:00,2025-01-31T14:51:45-08:00,0,0
global.js,87,js,0822cb2c,ivc003,2025-01-31,14:51:45,-08:00,2025-01-31T14:51:45-08:00,0,20
global.js,88,js,0822cb2c,ivc003,2025-01-31,14:51:45,-08:00,2025-01-31T14:51:45-08:00,0,34
global.js,89,js,0822cb2c,ivc003,2025-01-31,14:51:45,-08:00,2025-01-31T14:51:45-08:00,0,11
global.js,90,js,0822cb2c,ivc003,2025-01-31,14:51:45,-08:00,2025-01-31T14:51:45-08:00,0,0
global.js,91,js,0822cb2c,ivc003,2025-01-31,14:51:45,-08:00,2025-01-31T14:51:45-08:00,0,0
global.js,92,js,0822cb2c,ivc003,2025-01-31,14:51:45,-08:00,2025-01-31T14:51:45-08:00,0,16
global.js,93,js,0822cb2c,ivc003,2025-01-31,14:51:45,-08:00,2025-01-31T14:51:45-08:00,0,60
global.js,94,js,0822cb2c,ivc003,2025-01-31,14:51:45,-08:00,2025-01-31T14:51:45-08:00,0,0
global.js,95,js,0822cb2c,ivc003,2025-01-31,14:51:45,-08:00,2025-01-31T14:51:45-08:00,0,0
global.js,96,js,0822cb2c,ivc003,2025-01-31,14:51:45,-08:00,2025-01-31T14:51:45-08:00,0,0
global.js,97,js,0822cb2c,ivc003,2025-01-31,14:51:45,-08:00,2025-01-31T14:51:45-08:00,0,79
global.js,98,js,0822cb2c,ivc003,2025-01-31,14:51:45,-08:00,2025-01-31T14:51:45-08:00,0,24
global.js,99,js,0822cb2c,ivc003,2025-01-31,14:51:45,-08:00,2025-01-31T14:51:45-08:00,0,31
global.js,100,js,0822cb2c,ivc003,2025-01-31,14:51:45,-08:00,2025-01-31T14:51:45-08:00,0,0
global.js,101,js,928c349a,ivc003,2025-01-31,22:05:17,-08:00,2025-01-31T22:05:17-08:00,0,23
global.js,102,js,0822cb2c,ivc003,2025-01-31,14:51:45,-08:00,2025-01-31T14:51:45-08:00,0,49
global.js,103,js,b13d443d,ivc003,2025-02-08,15:47:55,-08:00,2025-02-08T15:47:55-08:00,0,0
global.js,104,js,b13d443d,ivc003,2025-02-08,15:47:55,-08:00,2025-02-08T15:47:55-08:00,0,47
global.js,105,js,b13d443d,ivc003,2025-02-08,15:47:55,-08:00,2025-02-08T15:47:55-08:00,0,60
global.js,106,js,b13d443d,ivc003,2025-02-08,15:47:55,-08:00,2025-02-08T15:47:55-08:00,0,61
global.js,107,js,b13d443d,ivc003,2025-02-08,15:47:55,-08:00,2025-02-08T15:47:55-08:00,0,0
global.js,108,js,0822cb2c,ivc003,2025-01-31,14:51:45,-08:00,2025-01-31T14:51:45-08:00,0,20
global.js,109,js,928c349a,ivc003,2025-01-31,22:05:17,-08:00,2025-01-31T22:05:17-08:00,0,27
global.js,110,js,928c349a,ivc003,2025-01-31,22:05:17,-08:00,2025-01-31T22:05:17-08:00,0,56
global.js,111,js,b13d443d,ivc003,2025-02-08,15:47:55,-08:00,2025-02-08T15:47:55-08:00,0,71
global.js,112,js,0822cb2c,ivc003,2025-01-31,14:51:45,-08:00,2025-01-31T14:51:45-08:00,0,1
global.js,113,js,928c349a,ivc003,2025-01-31,22:05:17,-08:00,2025-01-31T22:05:17-08:00,0,0
global.js,114,js,0822cb2c,ivc003,2025-01-31,14:51:45,-08:00,2025-01-31T14:51:45-08:00,0,37
global.js,115,js,0822cb2c,ivc003,2025-01-31,14:51:45,-08:00,2025-01-31T14:51:45-08:00,0,0
global.js,116,js,928c349a,ivc003,2025-01-31,22:05:17,-08:00,2025-01-31T22:05:17-08:00,0,0
global.js,117,js,928c349a,ivc003,2025-01-31,22:05:17,-08:00,2025-01-31T22:05:17-08:00,0,0
global.js,118,js,928c349a,ivc003,2025-01-31,22:05:17,-08:00,2025-01-31T22:05:17-08:00,0,48
global.js,119,js,928c349a,ivc003,2025-01-31,22:05:17,-08:00,2025-01-31T22:05:17-08:00,0,60
global.js,120,js,928c349a,ivc003,2025-01-31,22:05:17,-08:00,2025-01-31T22:05:17-08:00,0,0
resume\index.html,1,html,7d949af9,ivc003,2025-01-10,23:29:01,-08:00,2025-01-10T23:29:01-08:00,0,14
resume\index.html,2,html,7d949af9,ivc003,2025-01-10,23:29:01,-08:00,2025-01-10T23:29:01-08:00,0,15
resume\index.html,3,html,7d949af9,ivc003,2025-01-10,23:29:01,-08:00,2025-01-10T23:29:01-08:00,0,5
resume\index.html,4,html,7d949af9,ivc003,2025-01-10,23:29:01,-08:00,2025-01-10T23:29:01-08:00,0,21
resume\index.html,5,html,7d949af9,ivc003,2025-01-10,23:29:01,-08:00,2025-01-10T23:29:01-08:00,0,69
resume\index.html,6,html,1e564136,ivc003,2025-01-24,14:36:51,-08:00,2025-01-24T14:36:51-08:00,0,42
resume\index.html,7,html,7d949af9,ivc003,2025-01-10,23:29:01,-08:00,2025-01-10T23:29:01-08:00,0,20
resume\index.html,8,html,7d949af9,ivc003,2025-01-10,23:29:01,-08:00,2025-01-10T23:29:01-08:00,0,6
resume\index.html,9,html,7d949af9,ivc003,2025-01-10,23:29:01,-08:00,2025-01-10T23:29:01-08:00,0,6
resume\index.html,10,html,7d949af9,ivc003,2025-01-10,23:29:01,-08:00,2025-01-10T23:29:01-08:00,0,9
resume\index.html,11,html,7d949af9,ivc003,2025-01-10,23:29:01,-08:00,2025-01-10T23:29:01-08:00,0,0
resume\index.html,12,html,7d949af9,ivc003,2025-01-10,23:29:01,-08:00,2025-01-10T23:29:01-08:00,0,7
resume\index.html,13,html,7d949af9,ivc003,2025-01-10,23:29:01,-08:00,2025-01-10T23:29:01-08:00,0,6
resume\index.html,14,html,7d949af9,ivc003,2025-01-10,23:29:01,-08:00,2025-01-10T23:29:01-08:00,0,5
resume\index.html,15,html,1e564136,ivc003,2025-01-24,14:36:51,-08:00,2025-01-24T14:36:51-08:00,0,22
resume\index.html,16,html,7d949af9,ivc003,2025-01-10,23:29:01,-08:00,2025-01-10T23:29:01-08:00,0,3
resume\index.html,17,html,7d949af9,ivc003,2025-01-10,23:29:01,-08:00,2025-01-10T23:29:01-08:00,0,40
resume\index.html,18,html,7d949af9,ivc003,2025-01-10,23:29:01,-08:00,2025-01-10T23:29:01-08:00,0,53
resume\index.html,19,html,7d949af9,ivc003,2025-01-10,23:29:01,-08:00,2025-01-10T23:29:01-08:00,0,51
resume\index.html,20,html,7d949af9,ivc003,2025-01-10,23:29:01,-08:00,2025-01-10T23:29:01-08:00,0,55
resume\index.html,21,html,1e564136,ivc003,2025-01-24,14:36:51,-08:00,2025-01-24T14:36:51-08:00,0,49
resume\index.html,22,html,7d949af9,ivc003,2025-01-10,23:29:01,-08:00,2025-01-10T23:29:01-08:00,0,4
resume\index.html,23,html,1e564136,ivc003,2025-01-24,14:36:51,-08:00,2025-01-24T14:36:51-08:00,0,9
resume\index.html,24,html,5cd566ac,ivc003,2025-01-25,00:13:52,-08:00,2025-01-25T00:13:52-08:00,0,22
resume\index.html,25,html,7d949af9,ivc003,2025-01-10,23:29:01,-08:00,2025-01-10T23:29:01-08:00,0,3
resume\index.html,26,html,7d949af9,ivc003,2025-01-10,23:29:01,-08:00,2025-01-10T23:29:01-08:00,0,8
resume\index.html,27,html,80d7d40e,ivc003,2025-01-17,23:45:53,-08:00,2025-01-17T23:45:53-08:00,0,31
resume\index.html,28,html,7d949af9,ivc003,2025-01-10,23:29:01,-08:00,2025-01-10T23:29:01-08:00,0,8
resume\index.html,29,html,7d949af9,ivc003,2025-01-10,23:29:01,-08:00,2025-01-10T23:29:01-08:00,0,43
resume\index.html,30,html,5a9d0110,ivc003,2025-01-18,23:17:52,-08:00,2025-01-18T23:17:52-08:00,0,60
resume\index.html,31,html,7d949af9,ivc003,2025-01-10,23:29:01,-08:00,2025-01-10T23:29:01-08:00,0,38
resume\index.html,32,html,7d949af9,ivc003,2025-01-10,23:29:01,-08:00,2025-01-10T23:29:01-08:00,0,3
resume\index.html,33,html,7d949af9,ivc003,2025-01-10,23:29:01,-08:00,2025-01-10T23:29:01-08:00,0,73
resume\index.html,34,html,7d949af9,ivc003,2025-01-10,23:29:01,-08:00,2025-01-10T23:29:01-08:00,0,92
resume\index.html,35,html,7d949af9,ivc003,2025-01-10,23:29:01,-08:00,2025-01-10T23:29:01-08:00,0,84
resume\index.html,36,html,7d949af9,ivc003,2025-01-10,23:29:01,-08:00,2025-01-10T23:29:01-08:00,0,4
resume\index.html,37,html,7d949af9,ivc003,2025-01-10,23:29:01,-08:00,2025-01-10T23:29:01-08:00,0,9
resume\index.html,38,html,7d949af9,ivc003,2025-01-10,23:29:01,-08:00,2025-01-10T23:29:01-08:00,0,8
resume\index.html,39,html,7d949af9,ivc003,2025-01-10,23:29:01,-08:00,2025-01-10T23:29:01-08:00,0,29
resume\index.html,40,html,5a9d0110,ivc003,2025-01-18,23:17:52,-08:00,2025-01-18T23:17:52-08:00,0,55
resume\index.html,41,html,7d949af9,ivc003,2025-01-10,23:29:01,-08:00,2025-01-10T23:29:01-08:00,0,39
resume\index.html,42,html,7d949af9,ivc003,2025-01-10,23:29:01,-08:00,2025-01-10T23:29:01-08:00,0,3
resume\index.html,43,html,7d949af9,ivc003,2025-01-10,23:29:01,-08:00,2025-01-10T23:29:01-08:00,0,88
resume\index.html,44,html,7d949af9,ivc003,2025-01-10,23:29:01,-08:00,2025-01-10T23:29:01-08:00,0,88
resume\index.html,45,html,7d949af9,ivc003,2025-01-10,23:29:01,-08:00,2025-01-10T23:29:01-08:00,0,4
resume\index.html,46,html,7d949af9,ivc003,2025-01-10,23:29:01,-08:00,2025-01-10T23:29:01-08:00,0,9
resume\index.html,47,html,7d949af9,ivc003,2025-01-10,23:29:01,-08:00,2025-01-10T23:29:01-08:00,0,9
resume\index.html,48,html,7d949af9,ivc003,2025-01-10,23:29:01,-08:00,2025-01-10T23:29:01-08:00,0,3
resume\index.html,49,html,7d949af9,ivc003,2025-01-10,23:29:01,-08:00,2025-01-10T23:29:01-08:00,0,8
resume\index.html,50,html,80d7d40e,ivc003,2025-01-17,23:45:53,-08:00,2025-01-17T23:45:53-08:00,0,25
resume\index.html,51,html,7d949af9,ivc003,2025-01-10,23:29:01,-08:00,2025-01-10T23:29:01-08:00,0,0
resume\index.html,52,html,7d949af9,ivc003,2025-01-10,23:29:01,-08:00,2025-01-10T23:29:01-08:00,0,8
resume\index.html,53,html,7d949af9,ivc003,2025-01-10,23:29:01,-08:00,2025-01-10T23:29:01-08:00,0,42
resume\index.html,54,html,5a9d0110,ivc003,2025-01-18,23:17:52,-08:00,2025-01-18T23:17:52-08:00,0,92
resume\index.html,55,html,80d7d40e,ivc003,2025-01-17,23:45:53,-08:00,2025-01-17T23:45:53-08:00,0,34
resume\index.html,56,html,7d949af9,ivc003,2025-01-10,23:29:01,-08:00,2025-01-10T23:29:01-08:00,0,166
resume\index.html,57,html,7d949af9,ivc003,2025-01-10,23:29:01,-08:00,2025-01-10T23:29:01-08:00,0,9
resume\index.html,58,html,7d949af9,ivc003,2025-01-10,23:29:01,-08:00,2025-01-10T23:29:01-08:00,0,8
resume\index.html,59,html,7d949af9,ivc003,2025-01-10,23:29:01,-08:00,2025-01-10T23:29:01-08:00,0,29
resume\index.html,60,html,5a9d0110,ivc003,2025-01-18,23:17:52,-08:00,2025-01-18T23:17:52-08:00,0,87
resume\index.html,61,html,80d7d40e,ivc003,2025-01-17,23:45:53,-08:00,2025-01-17T23:45:53-08:00,0,39
resume\index.html,62,html,7d949af9,ivc003,2025-01-10,23:29:01,-08:00,2025-01-10T23:29:01-08:00,0,87
resume\index.html,63,html,7d949af9,ivc003,2025-01-10,23:29:01,-08:00,2025-01-10T23:29:01-08:00,0,9
resume\index.html,64,html,80d7d40e,ivc003,2025-01-17,23:45:53,-08:00,2025-01-17T23:45:53-08:00,0,0
resume\index.html,65,html,7d949af9,ivc003,2025-01-10,23:29:01,-08:00,2025-01-10T23:29:01-08:00,0,9
resume\index.html,66,html,80d7d40e,ivc003,2025-01-17,23:45:53,-08:00,2025-01-17T23:45:53-08:00,0,3
resume\index.html,67,html,1e564136,ivc003,2025-01-24,14:36:51,-08:00,2025-01-24T14:36:51-08:00,0,55
resume\index.html,68,html,7d949af9,ivc003,2025-01-10,23:29:01,-08:00,2025-01-10T23:29:01-08:00,0,6
resume\index.html,69,html,7d949af9,ivc003,2025-01-10,23:29:01,-08:00,2025-01-10T23:29:01-08:00,0,6
projects\projects.js,1,js,0b565ac5,ivc003,2025-01-31,23:04:51,-08:00,2025-01-31T23:04:51-08:00,0,56
projects\projects.js,2,js,b13d443d,ivc003,2025-02-08,15:47:55,-08:00,2025-02-08T15:47:55-08:00,0,64
projects\projects.js,3,js,0822cb2c,ivc003,2025-01-31,14:51:45,-08:00,2025-01-31T14:51:45-08:00,0,0
projects\projects.js,4,js,0822cb2c,ivc003,2025-01-31,14:51:45,-08:00,2025-01-31T14:51:45-08:00,0,56
projects\projects.js,5,js,0822cb2c,ivc003,2025-01-31,14:51:45,-08:00,2025-01-31T14:51:45-08:00,0,61
projects\projects.js,6,js,0822cb2c,ivc003,2025-01-31,14:51:45,-08:00,2025-01-31T14:51:45-08:00,0,0
projects\projects.js,7,js,928c349a,ivc003,2025-01-31,22:05:17,-08:00,2025-01-31T22:05:17-08:00,0,49
projects\projects.js,8,js,928c349a,ivc003,2025-01-31,22:05:17,-08:00,2025-01-31T22:05:17-08:00,0,0
projects\projects.js,9,js,928c349a,ivc003,2025-01-31,22:05:17,-08:00,2025-01-31T22:05:17-08:00,0,30
projects\projects.js,10,js,4cc37edf,ivc003,2025-01-31,22:56:04,-08:00,2025-01-31T22:56:04-08:00,0,24
projects\projects.js,11,js,928c349a,ivc003,2025-01-31,22:05:17,-08:00,2025-01-31T22:05:17-08:00,0,53
projects\projects.js,12,js,928c349a,ivc003,2025-01-31,22:05:17,-08:00,2025-01-31T22:05:17-08:00,0,62
projects\projects.js,13,js,928c349a,ivc003,2025-01-31,22:05:17,-08:00,2025-01-31T22:05:17-08:00,0,0
projects\projects.js,14,js,928c349a,ivc003,2025-01-31,22:05:17,-08:00,2025-01-31T22:05:17-08:00,0,56
projects\projects.js,15,js,928c349a,ivc003,2025-01-31,22:05:17,-08:00,2025-01-31T22:05:17-08:00,0,53
projects\projects.js,16,js,928c349a,ivc003,2025-01-31,22:05:17,-08:00,2025-01-31T22:05:17-08:00,0,0
projects\projects.js,17,js,928c349a,ivc003,2025-01-31,22:05:17,-08:00,2025-01-31T22:05:17-08:00,0,69
projects\projects.js,18,js,928c349a,ivc003,2025-01-31,22:05:17,-08:00,2025-01-31T22:05:17-08:00,0,56
projects\projects.js,19,js,928c349a,ivc003,2025-01-31,22:05:17,-08:00,2025-01-31T22:05:17-08:00,0,0
projects\projects.js,20,js,928c349a,ivc003,2025-01-31,22:05:17,-08:00,2025-01-31T22:05:17-08:00,0,0
projects\projects.js,21,js,928c349a,ivc003,2025-01-31,22:05:17,-08:00,2025-01-31T22:05:17-08:00,0,39
projects\projects.js,22,js,928c349a,ivc003,2025-01-31,22:05:17,-08:00,2025-01-31T22:05:17-08:00,0,20
projects\projects.js,23,js,b13d443d,ivc003,2025-02-08,15:47:55,-08:00,2025-02-08T15:47:55-08:00,0,0
projects\projects.js,24,js,b13d443d,ivc003,2025-02-08,15:47:55,-08:00,2025-02-08T15:47:55-08:00,0,0
projects\projects.js,25,js,de1b27b8,ivc003,2025-02-08,20:46:26,-08:00,2025-02-08T20:46:26-08:00,0,61
projects\projects.js,26,js,de1b27b8,ivc003,2025-02-08,20:46:26,-08:00,2025-02-08T20:46:26-08:00,0,22
projects\projects.js,27,js,b13d443d,ivc003,2025-02-08,15:47:55,-08:00,2025-02-08T15:47:55-08:00,0,0
projects\projects.js,28,js,de1b27b8,ivc003,2025-02-08,20:46:26,-08:00,2025-02-08T20:46:26-08:00,0,61
projects\projects.js,29,js,de1b27b8,ivc003,2025-02-08,20:46:26,-08:00,2025-02-08T20:46:26-08:00,0,26
projects\projects.js,30,js,75c071a0,ivc003,2025-02-08,18:54:42,-08:00,2025-02-08T18:54:42-08:00,0,0
projects\projects.js,31,js,de1b27b8,ivc003,2025-02-08,20:46:26,-08:00,2025-02-08T20:46:26-08:00,0,34
projects\projects.js,32,js,de1b27b8,ivc003,2025-02-08,20:46:26,-08:00,2025-02-08T20:46:26-08:00,0,39
projects\projects.js,33,js,de1b27b8,ivc003,2025-02-08,20:46:26,-08:00,2025-02-08T20:46:26-08:00,0,58
projects\projects.js,34,js,de1b27b8,ivc003,2025-02-08,20:46:26,-08:00,2025-02-08T20:46:26-08:00,0,30
projects\projects.js,35,js,de1b27b8,ivc003,2025-02-08,20:46:26,-08:00,2025-02-08T20:46:26-08:00,0,0
projects\projects.js,36,js,de1b27b8,ivc003,2025-02-08,20:46:26,-08:00,2025-02-08T20:46:26-08:00,0,51
projects\projects.js,37,js,de1b27b8,ivc003,2025-02-08,20:46:26,-08:00,2025-02-08T20:46:26-08:00,0,27
projects\projects.js,38,js,de1b27b8,ivc003,2025-02-08,20:46:26,-08:00,2025-02-08T20:46:26-08:00,0,13
projects\projects.js,39,js,de1b27b8,ivc003,2025-02-08,20:46:26,-08:00,2025-02-08T20:46:26-08:00,0,15
projects\projects.js,40,js,de1b27b8,ivc003,2025-02-08,20:46:26,-08:00,2025-02-08T20:46:26-08:00,0,12
projects\projects.js,41,js,de1b27b8,ivc003,2025-02-08,20:46:26,-08:00,2025-02-08T20:46:26-08:00,0,1
projects\projects.js,42,js,de1b27b8,ivc003,2025-02-08,20:46:26,-08:00,2025-02-08T20:46:26-08:00,0,0
projects\projects.js,43,js,de1b27b8,ivc003,2025-02-08,20:46:26,-08:00,2025-02-08T20:46:26-08:00,0,37
projects\projects.js,44,js,de1b27b8,ivc003,2025-02-08,20:46:26,-08:00,2025-02-08T20:46:26-08:00,0,45
projects\projects.js,45,js,75c071a0,ivc003,2025-02-08,18:54:42,-08:00,2025-02-08T18:54:42-08:00,0,36
projects\projects.js,46,js,75c071a0,ivc003,2025-02-08,18:54:42,-08:00,2025-02-08T18:54:42-08:00,0,2
projects\projects.js,47,js,b13d443d,ivc003,2025-02-08,15:47:55,-08:00,2025-02-08T15:47:55-08:00,0,0
projects\projects.js,48,js,de1b27b8,ivc003,2025-02-08,20:46:26,-08:00,2025-02-08T20:46:26-08:00,0,35
projects\projects.js,49,js,de1b27b8,ivc003,2025-02-08,20:46:26,-08:00,2025-02-08T20:46:26-08:00,0,51
projects\projects.js,50,js,de1b27b8,ivc003,2025-02-08,20:46:26,-08:00,2025-02-08T20:46:26-08:00,0,34
projects\projects.js,51,js,de1b27b8,ivc003,2025-02-08,20:46:26,-08:00,2025-02-08T20:46:26-08:00,0,0
projects\projects.js,52,js,de1b27b8,ivc003,2025-02-08,20:46:26,-08:00,2025-02-08T20:46:26-08:00,0,38
projects\projects.js,53,js,de1b27b8,ivc003,2025-02-08,20:46:26,-08:00,2025-02-08T20:46:26-08:00,0,58
projects\projects.js,54,js,b13d443d,ivc003,2025-02-08,15:47:55,-08:00,2025-02-08T15:47:55-08:00,0,0
projects\projects.js,55,js,de1b27b8,ivc003,2025-02-08,20:46:26,-08:00,2025-02-08T20:46:26-08:00,0,34
projects\projects.js,56,js,de1b27b8,ivc003,2025-02-08,20:46:26,-08:00,2025-02-08T20:46:26-08:00,0,48
projects\projects.js,57,js,b13d443d,ivc003,2025-02-08,15:47:55,-08:00,2025-02-08T15:47:55-08:00,0,0
projects\projects.js,58,js,de1b27b8,ivc003,2025-02-08,20:46:26,-08:00,2025-02-08T20:46:26-08:00,0,30
projects\projects.js,59,js,de1b27b8,ivc003,2025-02-08,20:46:26,-08:00,2025-02-08T20:46:26-08:00,0,28
projects\projects.js,60,js,de1b27b8,ivc003,2025-02-08,20:46:26,-08:00,2025-02-08T20:46:26-08:00,0,17
projects\projects.js,61,js,de1b27b8,ivc003,2025-02-08,20:46:26,-08:00,2025-02-08T20:46:26-08:00,0,28
projects\projects.js,62,js,04f0f499,ivc003,2025-02-08,20:57:05,-08:00,2025-02-08T20:57:05-08:00,0,58
projects\projects.js,63,js,04f0f499,ivc003,2025-02-08,20:57:05,-08:00,2025-02-08T20:57:05-08:00,0,19
projects\projects.js,64,js,04f0f499,ivc003,2025-02-08,20:57:05,-08:00,2025-02-08T20:57:05-08:00,0,46
projects\projects.js,65,js,04f0f499,ivc003,2025-02-08,20:57:05,-08:00,2025-02-08T20:57:05-08:00,0,44
projects\projects.js,66,js,04f0f499,ivc003,2025-02-08,20:57:05,-08:00,2025-02-08T20:57:05-08:00,0,0
projects\projects.js,67,js,04f0f499,ivc003,2025-02-08,20:57:05,-08:00,2025-02-08T20:57:05-08:00,0,68
projects\projects.js,68,js,04f0f499,ivc003,2025-02-08,20:57:05,-08:00,2025-02-08T20:57:05-08:00,0,20
projects\projects.js,69,js,04f0f499,ivc003,2025-02-08,20:57:05,-08:00,2025-02-08T20:57:05-08:00,0,69
projects\projects.js,70,js,04f0f499,ivc003,2025-02-08,20:57:05,-08:00,2025-02-08T20:57:05-08:00,0,0
projects\projects.js,71,js,04f0f499,ivc003,2025-02-08,20:57:05,-08:00,2025-02-08T20:57:05-08:00,0,47
projects\projects.js,72,js,04f0f499,ivc003,2025-02-08,20:57:05,-08:00,2025-02-08T20:57:05-08:00,0,35
projects\projects.js,73,js,04f0f499,ivc003,2025-02-08,20:57:05,-08:00,2025-02-08T20:57:05-08:00,0,69
projects\projects.js,74,js,04f0f499,ivc003,2025-02-08,20:57:05,-08:00,2025-02-08T20:57:05-08:00,0,0
projects\projects.js,75,js,04f0f499,ivc003,2025-02-08,20:57:05,-08:00,2025-02-08T20:57:05-08:00,0,59
projects\projects.js,76,js,04f0f499,ivc003,2025-02-08,20:57:05,-08:00,2025-02-08T20:57:05-08:00,0,26
projects\projects.js,77,js,04f0f499,ivc003,2025-02-08,20:57:05,-08:00,2025-02-08T20:57:05-08:00,0,70
projects\projects.js,78,js,04f0f499,ivc003,2025-02-08,20:57:05,-08:00,2025-02-08T20:57:05-08:00,0,7
projects\projects.js,79,js,04f0f499,ivc003,2025-02-08,20:57:05,-08:00,2025-02-08T20:57:05-08:00,0,55
projects\projects.js,80,js,04f0f499,ivc003,2025-02-08,20:57:05,-08:00,2025-02-08T20:57:05-08:00,0,44
projects\projects.js,81,js,04f0f499,ivc003,2025-02-08,20:57:05,-08:00,2025-02-08T20:57:05-08:00,0,80
projects\projects.js,82,js,04f0f499,ivc003,2025-02-08,20:57:05,-08:00,2025-02-08T20:57:05-08:00,0,57
projects\projects.js,83,js,04f0f499,ivc003,2025-02-08,20:57:05,-08:00,2025-02-08T20:57:05-08:00,0,0
projects\projects.js,84,js,de1b27b8,ivc003,2025-02-08,20:46:26,-08:00,2025-02-08T20:46:26-08:00,0,2
projects\projects.js,85,js,04f0f499,ivc003,2025-02-08,20:57:05,-08:00,2025-02-08T20:57:05-08:00,0,2
projects\projects.js,86,js,b13d443d,ivc003,2025-02-08,15:47:55,-08:00,2025-02-08T15:47:55-08:00,0,0
projects\projects.js,87,js,de1b27b8,ivc003,2025-02-08,20:46:26,-08:00,2025-02-08T20:46:26-08:00,0,19
projects\projects.js,88,js,de1b27b8,ivc003,2025-02-08,20:46:26,-08:00,2025-02-08T20:46:26-08:00,0,33
projects\projects.js,89,js,de1b27b8,ivc003,2025-02-08,20:46:26,-08:00,2025-02-08T20:46:26-08:00,0,63
projects\projects.js,90,js,de1b27b8,ivc003,2025-02-08,20:46:26,-08:00,2025-02-08T20:46:26-08:00,0,23
projects\projects.js,91,js,75c071a0,ivc003,2025-02-08,18:54:42,-08:00,2025-02-08T18:54:42-08:00,0,18
projects\projects.js,92,js,de1b27b8,ivc003,2025-02-08,20:46:26,-08:00,2025-02-08T20:46:26-08:00,0,37
projects\projects.js,93,js,de1b27b8,ivc003,2025-02-08,20:46:26,-08:00,2025-02-08T20:46:26-08:00,0,69
projects\projects.js,94,js,04f0f499,ivc003,2025-02-08,20:57:05,-08:00,2025-02-08T20:57:05-08:00,0,19
projects\projects.js,95,js,04f0f499,ivc003,2025-02-08,20:57:05,-08:00,2025-02-08T20:57:05-08:00,0,39
projects\projects.js,96,js,04f0f499,ivc003,2025-02-08,20:57:05,-08:00,2025-02-08T20:57:05-08:00,0,44
projects\projects.js,97,js,04f0f499,ivc003,2025-02-08,20:57:05,-08:00,2025-02-08T20:57:05-08:00,0,0
projects\projects.js,98,js,04f0f499,ivc003,2025-02-08,20:57:05,-08:00,2025-02-08T20:57:05-08:00,0,55
projects\projects.js,99,js,04f0f499,ivc003,2025-02-08,20:57:05,-08:00,2025-02-08T20:57:05-08:00,0,20
projects\projects.js,100,js,04f0f499,ivc003,2025-02-08,20:57:05,-08:00,2025-02-08T20:57:05-08:00,0,69
projects\projects.js,101,js,04f0f499,ivc003,2025-02-08,20:57:05,-08:00,2025-02-08T20:57:05-08:00,0,0
projects\projects.js,102,js,04f0f499,ivc003,2025-02-08,20:57:05,-08:00,2025-02-08T20:57:05-08:00,0,51
projects\projects.js,103,js,04f0f499,ivc003,2025-02-08,20:57:05,-08:00,2025-02-08T20:57:05-08:00,0,21
projects\projects.js,104,js,04f0f499,ivc003,2025-02-08,20:57:05,-08:00,2025-02-08T20:57:05-08:00,0,69
projects\projects.js,105,js,04f0f499,ivc003,2025-02-08,20:57:05,-08:00,2025-02-08T20:57:05-08:00,0,0
projects\projects.js,106,js,04f0f499,ivc003,2025-02-08,20:57:05,-08:00,2025-02-08T20:57:05-08:00,0,59
projects\projects.js,107,js,04f0f499,ivc003,2025-02-08,20:57:05,-08:00,2025-02-08T20:57:05-08:00,0,26
projects\projects.js,108,js,04f0f499,ivc003,2025-02-08,20:57:05,-08:00,2025-02-08T20:57:05-08:00,0,70
projects\projects.js,109,js,04f0f499,ivc003,2025-02-08,20:57:05,-08:00,2025-02-08T20:57:05-08:00,0,7
projects\projects.js,110,js,04f0f499,ivc003,2025-02-08,20:57:05,-08:00,2025-02-08T20:57:05-08:00,0,57
projects\projects.js,111,js,04f0f499,ivc003,2025-02-08,20:57:05,-08:00,2025-02-08T20:57:05-08:00,0,44
projects\projects.js,112,js,04f0f499,ivc003,2025-02-08,20:57:05,-08:00,2025-02-08T20:57:05-08:00,0,80
projects\projects.js,113,js,04f0f499,ivc003,2025-02-08,20:57:05,-08:00,2025-02-08T20:57:05-08:00,0,57
projects\projects.js,114,js,04f0f499,ivc003,2025-02-08,20:57:05,-08:00,2025-02-08T20:57:05-08:00,0,0
projects\projects.js,115,js,04f0f499,ivc003,2025-02-08,20:57:05,-08:00,2025-02-08T20:57:05-08:00,0,2
projects\projects.js,116,js,de1b27b8,ivc003,2025-02-08,20:46:26,-08:00,2025-02-08T20:46:26-08:00,0,2
projects\projects.js,117,js,de1b27b8,ivc003,2025-02-08,20:46:26,-08:00,2025-02-08T20:46:26-08:00,0,0
projects\projects.js,118,js,75c071a0,ivc003,2025-02-08,18:54:42,-08:00,2025-02-08T18:54:42-08:00,0,0
projects\projects.js,119,js,04f0f499,ivc003,2025-02-08,20:57:05,-08:00,2025-02-08T20:57:05-08:00,0,63
projects\projects.js,120,js,04f0f499,ivc003,2025-02-08,20:57:05,-08:00,2025-02-08T20:57:05-08:00,0,24
projects\projects.js,121,js,04f0f499,ivc003,2025-02-08,20:57:05,-08:00,2025-02-08T20:57:05-08:00,0,0
projects\projects.js,122,js,de1b27b8,ivc003,2025-02-08,20:46:26,-08:00,2025-02-08T20:46:26-08:00,0,72
projects\projects.js,123,js,75c071a0,ivc003,2025-02-08,18:54:42,-08:00,2025-02-08T18:54:42-08:00,0,54
projects\projects.js,124,js,de1b27b8,ivc003,2025-02-08,20:46:26,-08:00,2025-02-08T20:46:26-08:00,0,49
projects\projects.js,125,js,de1b27b8,ivc003,2025-02-08,20:46:26,-08:00,2025-02-08T20:46:26-08:00,0,37
projects\projects.js,126,js,de1b27b8,ivc003,2025-02-08,20:46:26,-08:00,2025-02-08T20:46:26-08:00,0,30
projects\projects.js,127,js,de1b27b8,ivc003,2025-02-08,20:46:26,-08:00,2025-02-08T20:46:26-08:00,0,0
projects\projects.js,128,js,de1b27b8,ivc003,2025-02-08,20:46:26,-08:00,2025-02-08T20:46:26-08:00,0,36
projects\projects.js,129,js,75c071a0,ivc003,2025-02-08,18:54:42,-08:00,2025-02-08T18:54:42-08:00,0,52
projects\projects.js,130,js,75c071a0,ivc003,2025-02-08,18:54:42,-08:00,2025-02-08T18:54:42-08:00,0,60
projects\projects.js,131,js,75c071a0,ivc003,2025-02-08,18:54:42,-08:00,2025-02-08T18:54:42-08:00,0,43
projects\projects.js,132,js,75c071a0,ivc003,2025-02-08,18:54:42,-08:00,2025-02-08T18:54:42-08:00,0,2
projects\projects.js,133,js,de1b27b8,ivc003,2025-02-08,20:46:26,-08:00,2025-02-08T20:46:26-08:00,0,0
projects\projects.js,134,js,75c071a0,ivc003,2025-02-08,18:54:42,-08:00,2025-02-08T18:54:42-08:00,0,57
projects\projects.js,135,js,de1b27b8,ivc003,2025-02-08,20:46:26,-08:00,2025-02-08T20:46:26-08:00,0,83
projects\projects.js,136,js,75c071a0,ivc003,2025-02-08,18:54:42,-08:00,2025-02-08T18:54:42-08:00,0,2
projects\projects.js,137,js,75c071a0,ivc003,2025-02-08,18:54:42,-08:00,2025-02-08T18:54:42-08:00,0,0
projects\projects.js,138,js,04f0f499,ivc003,2025-02-08,20:57:05,-08:00,2025-02-08T20:57:05-08:00,0,0
projects\index.html,1,html,70471d78,ivc003,2025-01-10,22:39:13,-08:00,2025-01-10T22:39:13-08:00,0,14
projects\index.html,2,html,70471d78,ivc003,2025-01-10,22:39:13,-08:00,2025-01-10T22:39:13-08:00,0,15
projects\index.html,3,html,70471d78,ivc003,2025-01-10,22:39:13,-08:00,2025-01-10T22:39:13-08:00,0,5
projects\index.html,4,html,70471d78,ivc003,2025-01-10,22:39:13,-08:00,2025-01-10T22:39:13-08:00,0,21
projects\index.html,5,html,70471d78,ivc003,2025-01-10,22:39:13,-08:00,2025-01-10T22:39:13-08:00,0,69
projects\index.html,6,html,928c349a,ivc003,2025-01-31,22:05:17,-08:00,2025-01-31T22:05:17-08:00,0,42
projects\index.html,7,html,70471d78,ivc003,2025-01-10,22:39:13,-08:00,2025-01-10T22:39:13-08:00,0,22
projects\index.html,8,html,70471d78,ivc003,2025-01-10,22:39:13,-08:00,2025-01-10T22:39:13-08:00,0,6
projects\index.html,9,html,70471d78,ivc003,2025-01-10,22:39:13,-08:00,2025-01-10T22:39:13-08:00,0,5
projects\index.html,10,html,928c349a,ivc003,2025-01-31,22:05:17,-08:00,2025-01-31T22:05:17-08:00,0,39
projects\index.html,11,html,75c071a0,ivc003,2025-02-08,18:54:42,-08:00,2025-02-08T18:54:42-08:00,0,0
projects\index.html,12,html,75c071a0,ivc003,2025-02-08,18:54:42,-08:00,2025-02-08T18:54:42-08:00,0,22
projects\index.html,13,html,de1b27b8,ivc003,2025-02-08,20:46:26,-08:00,2025-02-08T20:46:26-08:00,0,59
projects\index.html,14,html,75c071a0,ivc003,2025-02-08,18:54:42,-08:00,2025-02-08T18:54:42-08:00,0,23
projects\index.html,15,html,75c071a0,ivc003,2025-02-08,18:54:42,-08:00,2025-02-08T18:54:42-08:00,0,5
projects\index.html,16,html,75c071a0,ivc003,2025-02-08,18:54:42,-08:00,2025-02-08T18:54:42-08:00,0,5
projects\index.html,17,html,75c071a0,ivc003,2025-02-08,18:54:42,-08:00,2025-02-08T18:54:42-08:00,0,16
projects\index.html,18,html,75c071a0,ivc003,2025-02-08,18:54:42,-08:00,2025-02-08T18:54:42-08:00,0,12
projects\index.html,19,html,75c071a0,ivc003,2025-02-08,18:54:42,-08:00,2025-02-08T18:54:42-08:00,0,27
projects\index.html,20,html,75c071a0,ivc003,2025-02-08,18:54:42,-08:00,2025-02-08T18:54:42-08:00,0,32
projects\index.html,21,html,75c071a0,ivc003,2025-02-08,18:54:42,-08:00,2025-02-08T18:54:42-08:00,0,1
projects\index.html,22,html,75c071a0,ivc003,2025-02-08,18:54:42,-08:00,2025-02-08T18:54:42-08:00,0,3
projects\index.html,23,html,75c071a0,ivc003,2025-02-08,18:54:42,-08:00,2025-02-08T18:54:42-08:00,0,3
projects\index.html,24,html,75c071a0,ivc003,2025-02-08,18:54:42,-08:00,2025-02-08T18:54:42-08:00,0,23
projects\index.html,25,html,0ddef657,ivc003,2025-01-17,23:16:04,-08:00,2025-01-17T23:16:04-08:00,0,21
projects\index.html,26,html,0ddef657,ivc003,2025-01-17,23:16:04,-08:00,2025-01-17T23:16:04-08:00,0,5
projects\index.html,27,html,928c349a,ivc003,2025-01-31,22:05:17,-08:00,2025-01-31T22:05:17-08:00,0,55
projects\index.html,28,html,928c349a,ivc003,2025-01-31,22:05:17,-08:00,2025-01-31T22:05:17-08:00,0,54
projects\index.html,29,html,70471d78,ivc003,2025-01-10,22:39:13,-08:00,2025-01-10T22:39:13-08:00,0,6
projects\index.html,30,html,70471d78,ivc003,2025-01-10,22:39:13,-08:00,2025-01-10T22:39:13-08:00,0,6
contact\index.html,1,html,70471d78,ivc003,2025-01-10,22:39:13,-08:00,2025-01-10T22:39:13-08:00,0,14
contact\index.html,2,html,70471d78,ivc003,2025-01-10,22:39:13,-08:00,2025-01-10T22:39:13-08:00,0,15
contact\index.html,3,html,70471d78,ivc003,2025-01-10,22:39:13,-08:00,2025-01-10T22:39:13-08:00,0,5
contact\index.html,4,html,70471d78,ivc003,2025-01-10,22:39:13,-08:00,2025-01-10T22:39:13-08:00,0,21
contact\index.html,5,html,70471d78,ivc003,2025-01-10,22:39:13,-08:00,2025-01-10T22:39:13-08:00,0,69
contact\index.html,6,html,1e564136,ivc003,2025-01-24,14:36:51,-08:00,2025-01-24T14:36:51-08:00,0,42
contact\index.html,7,html,70471d78,ivc003,2025-01-10,22:39:13,-08:00,2025-01-10T22:39:13-08:00,0,21
contact\index.html,8,html,70471d78,ivc003,2025-01-10,22:39:13,-08:00,2025-01-10T22:39:13-08:00,0,6
contact\index.html,9,html,70471d78,ivc003,2025-01-10,22:39:13,-08:00,2025-01-10T22:39:13-08:00,0,5
contact\index.html,10,html,1e564136,ivc003,2025-01-24,14:36:51,-08:00,2025-01-24T14:36:51-08:00,0,22
contact\index.html,11,html,70471d78,ivc003,2025-01-10,22:39:13,-08:00,2025-01-10T22:39:13-08:00,0,3
contact\index.html,12,html,70471d78,ivc003,2025-01-10,22:39:13,-08:00,2025-01-10T22:39:13-08:00,0,40
contact\index.html,13,html,70471d78,ivc003,2025-01-10,22:39:13,-08:00,2025-01-10T22:39:13-08:00,0,53
contact\index.html,14,html,1e564136,ivc003,2025-01-24,14:36:51,-08:00,2025-01-24T14:36:51-08:00,0,51
contact\index.html,15,html,70471d78,ivc003,2025-01-10,22:39:13,-08:00,2025-01-10T22:39:13-08:00,0,55
contact\index.html,16,html,7d949af9,ivc003,2025-01-10,23:29:01,-08:00,2025-01-10T23:29:01-08:00,0,49
contact\index.html,17,html,70471d78,ivc003,2025-01-10,22:39:13,-08:00,2025-01-10T22:39:13-08:00,0,4
contact\index.html,18,html,1e564136,ivc003,2025-01-24,14:36:51,-08:00,2025-01-24T14:36:51-08:00,0,9
contact\index.html,19,html,5cd566ac,ivc003,2025-01-25,00:13:52,-08:00,2025-01-25T00:13:52-08:00,0,23
contact\index.html,20,html,70471d78,ivc003,2025-01-10,22:39:13,-08:00,2025-01-10T22:39:13-08:00,0,72
contact\index.html,21,html,70471d78,ivc003,2025-01-10,22:39:13,-08:00,2025-01-10T22:39:13-08:00,0,6
contact\index.html,22,html,0ddef657,ivc003,2025-01-17,23:16:04,-08:00,2025-01-17T23:16:04-08:00,0,5
contact\index.html,23,html,5e90a225,ivc003,2025-01-10,23:31:26,-08:00,2025-01-10T23:31:26-08:00,0,40
contact\index.html,24,html,70471d78,ivc003,2025-01-10,22:39:13,-08:00,2025-01-10T22:39:13-08:00,0,7
contact\index.html,25,html,70471d78,ivc003,2025-01-10,22:39:13,-08:00,2025-01-10T22:39:13-08:00,0,6
contact\index.html,26,html,0ddef657,ivc003,2025-01-17,23:16:04,-08:00,2025-01-17T23:16:04-08:00,0,7
contact\index.html,27,html,7d949af9,ivc003,2025-01-10,23:29:01,-08:00,2025-01-10T23:29:01-08:00,0,29
contact\index.html,28,html,70471d78,ivc003,2025-01-10,22:39:13,-08:00,2025-01-10T22:39:13-08:00,0,7
contact\index.html,29,html,70471d78,ivc003,2025-01-10,22:39:13,-08:00,2025-01-10T22:39:13-08:00,0,6
contact\index.html,30,html,0ddef657,ivc003,2025-01-17,23:16:04,-08:00,2025-01-17T23:16:04-08:00,0,7
contact\index.html,31,html,5e90a225,ivc003,2025-01-10,23:31:26,-08:00,2025-01-10T23:31:26-08:00,0,32
contact\index.html,32,html,70471d78,ivc003,2025-01-10,22:39:13,-08:00,2025-01-10T22:39:13-08:00,0,7
contact\index.html,33,html,70471d78,ivc003,2025-01-10,22:39:13,-08:00,2025-01-10T22:39:13-08:00,0,20
contact\index.html,34,html,70471d78,ivc003,2025-01-10,22:39:13,-08:00,2025-01-10T22:39:13-08:00,0,6
contact\index.html,35,html,1e564136,ivc003,2025-01-24,14:36:51,-08:00,2025-01-24T14:36:51-08:00,0,55
contact\index.html,36,html,70471d78,ivc003,2025-01-10,22:39:13,-08:00,2025-01-10T22:39:13-08:00,0,6
contact\index.html,37,html,70471d78,ivc003,2025-01-10,22:39:13,-08:00,2025-01-10T22:39:13-08:00,0,6
